발생년,발생년월일시,주야,요일,사망자수,부상자수,중상자수,경상자수,부상신고자수,발생지시도,발생지시군구,사고유형_대분류,사고유형_중분류,사고유형,가해자법규위반,도로형태_대분류,도로형태,가해자_당사자종별,피해자_당사자종별,발생위치X_UTMK,발생위치Y_UTMK,경도,위도
2022,2022-01-24 19:00,야,월,1,0,0,0,0,경기,성남시,차대차,기타,기타,신호위반,교차로,교차로내,이륜차,승용차,965730,1933860,127.11278675,37.40322251
2022,2022-01-24 19:00,야,월,1,1,0,1,0,경북,구미시,차대차,추돌,추돌,안전운전 의무 불이행,단일로,기타단일로,화물차,특수차,1077518,1788546,128.36106947,36.0907847
2022,2022-01-25 01:00,야,화,1,0,0,0,0,서울,강서구,차량단독,공작물충돌,공작물충돌,안전운전 의무 불이행,단일로,터널안,이륜차,없음,942007,1948853,126.84357509,37.53717466
2022,2022-01-25 04:00,야,화,1,0,0,0,0,서울,서초구,차대차,기타,기타,안전운전 의무 불이행,단일로,기타단일로,승용차,화물차,960910,1939952,127.05800471,37.45794189
2022,2022-01-25 06:00,주,화,1,0,0,0,0,충북,청주시,차대사람,횡단중,횡단중,안전운전 의무 불이행,단일로,기타단일로,승용차,보행자,999491,1847292,127.49430731,36.62349709
2022,2022-01-25 11:00,주,화,1,0,0,0,0,경남,고성군,차대사람,횡단중,횡단중,보행자 보호의무 위반,단일로,기타단일로,화물차,보행자,1075463,1665018,128.32673818,34.97725655
2022,2022-01-25 12:00,주,화,1,1,0,1,0,경남,사천시,차량단독,전도,전도,안전운전 의무 불이행,단일로,기타단일로,사륜오토바이(ATV),없음,1040361,1669885,127.94242745,35.02315244
2022,2022-01-25 16:00,주,화,1,0,0,0,0,제주,제주시,차대사람,기타,기타,안전운전 의무 불이행,단일로,기타단일로,승합차,보행자,906659,1500090,126.49524695,33.48858281
2022,2022-01-25 19:00,야,화,1,0,0,0,0,강원,강릉시,차대차,기타,기타,신호위반,교차로,교차로내,이륜차,이륜차,1122571,1974054,128.89147144,37.75793134
2022,2022-01-25 23:00,야,화,1,0,0,0,0,경기,화성시,차대차,기타,기타,안전운전 의무 불이행,단일로,기타단일로,승용차,화물차,944801,1901753,126.87870392,37.11281509
2022,2022-01-26 05:00,야,수,1,0,0,0,0,전북,전주시,차대차,기타,기타,기타,교차로,교차로내,승용차,승용차,968262,1757525,127.14868015,35.81367927
2022,2022-01-26 14:00,주,수,1,0,0,0,0,충남,논산시,차대차,측면충돌,측면충돌,중앙선 침범,교차로,교차로내,자전거,화물차,964693,1800308,127.107266,36.199277
2022,2022-01-26 16:00,주,수,1,0,0,0,0,전남,보성군,차량단독,도로이탈,도로이탈 추락,안전운전 의무 불이행,기타,기타,이륜차,없음,983756,1649089,127.32233998,34.83630029
2022,2022-01-26 21:00,야,수,1,0,0,0,0,충남,천안시,차대사람,기타,기타,안전운전 의무 불이행,기타,기타,승용차,보행자,972598,1878620,127.19241014,36.90551433
2022,2022-01-27 02:00,야,목,1,0,0,0,0,경기,용인시,차량단독,기타,기타,안전운전 의무 불이행,단일로,기타단일로,이륜차,없음,975444,1919955,127.22300355,37.27819406
2022,2022-01-27 04:00,야,목,1,0,0,0,0,경기,성남시,차대사람,횡단중,횡단중,기타,단일로,기타단일로,화물차,보행자,969196,1938253,127.1517647,37.44294109
2022,2022-01-27 05:00,야,목,1,1,1,0,0,전남,장성군,차대차,추돌,추돌,안전운전 의무 불이행,단일로,기타단일로,특수차,화물차,934878,1699691,126.78381213,35.29060542
2022,2022-01-27 07:00,주,목,1,0,0,0,0,경남,창녕군,차대사람,기타,기타,신호위반,단일로,기타단일로,화물차,보행자,1100032,1715875,128.60204422,35.43362577
2022,2022-01-27 08:00,주,목,1,0,0,0,0,전남,여수시,차량단독,기타,기타,안전운전 의무 불이행,단일로,기타단일로,이륜차,없음,1010599,1650497,127.61593881,34.84907165
2022,2022-01-27 10:00,주,목,1,0,0,0,0,경북,영덕군,차량단독,공작물충돌,공작물충돌,안전운전 의무 불이행,단일로,기타단일로,이륜차,없음,1161093,1826374,129.29690872,36.42139478
2022,2022-01-27 13:00,주,목,1,0,0,0,0,강원,횡성군,차대사람,횡단중,횡단중,안전운전 의무 불이행,단일로,기타단일로,승용차,보행자,1043147,1943363,127.9880667,37.48850606
2022,2022-01-27 21:00,야,목,1,0,0,0,0,서울,강동구,차대사람,기타,기타,안전운전 의무 불이행,단일로,기타단일로,승용차,보행자,967518,1949339,127.13230595,37.54280725
2022,2022-01-28 07:00,주,금,1,0,0,0,0,경북,경주시,차대사람,차도통행중,차도통행중,기타,단일로,기타단일로,승용차,보행자,1156189,1763181,129.22968249,35.85273613
2022,2022-01-28 07:00,주,금,1,0,0,0,0,경기,의정부시,차대차,기타,기타,안전운전 의무 불이행,단일로,기타단일로,화물차,승용차,959445,1967779,127.03989922,37.70869045
2022,2022-01-28 09:00,주,금,1,0,0,0,0,광주,북구,차대차,측면충돌,측면충돌,안전운전 의무 불이행,교차로,교차로내,승용차,자전거,945409,1689915,126.90027144,35.20308965
2022,2022-01-28 15:00,주,금,1,0,0,0,0,전북,순창군,차량단독,도로이탈,도로이탈 추락,안전운전 의무 불이행,단일로,기타단일로,승용차,없음,970293,1709876,127.17291444,35.38412049
2022,2022-01-28 17:00,주,금,1,0,0,0,0,충북,증평군,차대차,측면충돌,측면충돌,안전운전 의무 불이행,교차로,교차로부근,화물차,이륜차,1005856,1865456,127.56563302,36.78722536
2022,2022-01-28 22:00,야,금,1,0,0,0,0,경기,군포시,차대사람,횡단중,횡단중,안전운전 의무 불이행,기타,기타,화물차,보행자,950988,1929619,126.94650548,37.36433379
2022,2022-01-28 22:00,야,금,1,1,1,0,0,경북,경산시,차량단독,공작물충돌,공작물충돌,안전운전 의무 불이행,단일로,기타단일로,승용차,없음,1119492,1768254,128.82416242,35.90362559
2022,2022-01-29 10:00,주,토,1,0,0,0,0,부산,강서구,차대차,측면충돌,측면충돌,안전운전 의무 불이행,교차로,교차로내,승용차,이륜차,1122213,1677975,128.84071588,35.08949645
2022,2022-01-29 11:00,주,토,1,0,0,0,0,인천,강화군,차대차,측면충돌,측면충돌,교차로 통행방법 위반,교차로,교차로내,승용차,이륜차,906279,1975650,126.43577849,37.77572579
2022,2022-01-29 15:00,주,토,1,0,0,0,0,충남,아산시,차량단독,기타,기타,안전운전 의무 불이행,교차로,교차로부근,이륜차,없음,950384,1873872,126.9433751,36.8618078
2022,2022-01-29 16:00,주,토,1,0,0,0,0,충북,진천군,차량단독,전도,전도,안전운전 의무 불이행,단일로,기타단일로,농기계,없음,994358,1879919,127.43665797,36.91760552
2022,2022-01-29 21:00,야,토,1,1,0,0,1,서울,은평구,차대사람,횡단중,횡단중,기타,교차로,교차로부근,원동기장치자전거,보행자,949265,1956180,126.92521732,37.60364175
2022,2022-01-30 20:00,야,일,1,0,0,0,0,충남,아산시,차량단독,공작물충돌,공작물충돌,안전운전 의무 불이행,기타,기타,이륜차,없음,959994,1864659,127.05166773,36.77921388
2022,2022-01-30 20:00,야,일,1,0,0,0,0,경북,안동시,차대사람,기타,기타,기타,교차로,교차로부근,승용차,보행자,1112016,1840860,128.75172327,36.55894137
2022,2022-01-30 21:00,야,일,1,0,0,0,0,서울,구로구,차대사람,기타,기타,안전운전 의무 불이행,단일로,기타단일로,승용차,보행자,945199,1943820,126.88007881,37.49200695
2022,2022-01-30 23:00,야,일,1,0,0,0,0,부산,남구,차대사람,보도통행중,보도통행중,안전운전 의무 불이행,교차로,교차로횡단보도내,승용차,보행자,1145450,1682826,129.09640504,35.13013626
2022,2022-01-31 06:00,주,월,1,0,0,0,0,광주,서구,차대사람,횡단중,횡단중,기타,교차로,교차로횡단보도내,승용차,보행자,942585,1684470,126.86962819,35.15383648
2022,2022-01-31 16:00,주,월,1,0,0,0,0,전남,목포시,차대사람,횡단중,횡단중,보행자 보호의무 위반,단일로,기타단일로,승용차,보행자,901905,1646032,126.42757699,34.80413736
2022,2022-01-31 19:00,야,월,1,0,0,0,0,서울,동대문구,차량단독,기타,기타,안전운전 의무 불이행,단일로,기타단일로,이륜차,없음,961013,1955013,127.05836977,37.59369644
2022,2022-01-31 20:00,야,월,2,4,0,4,0,강원,정선군,차대차,정면충돌,정면충돌,중앙선 침범,단일로,기타단일로,승용차,승용차,1099557,1931373,128.62446225,37.37609318
2022,2022-01-31 23:00,야,월,1,0,0,0,0,인천,부평구,차대사람,횡단중,횡단중,안전운전 의무 불이행,단일로,기타단일로,승합차,보행자,931242,1944805,126.72211398,37.49995067
2022,2022-02-01 00:00,야,화,1,0,0,0,0,세종,세종시,차대차,추돌,추돌,안전운전 의무 불이행,단일로,기타단일로,승용차,이륜차,979823,1838930,127.27455901,36.5479002
2022,2022-02-02 00:00,야,수,1,0,0,0,0,충남,부여군,차량단독,도로이탈,도로이탈 추락,안전운전 의무 불이행,단일로,교량위,원동기장치자전거,없음,942073,1812395,126.85477084,36.3071512
2022,2022-02-02 04:00,야,수,1,0,0,0,0,부산,기장군,차량단독,공작물충돌,공작물충돌,안전운전 의무 불이행,교차로,교차로부근,화물차,없음,1152357,1703589,129.17602998,35.31625623
2022,2022-02-02 06:00,주,수,1,0,0,0,0,전남,장성군,차대사람,차도통행중,차도통행중,안전운전 의무 불이행,단일로,기타단일로,승용차,보행자,933463,1699217,126.76829006,35.28623857
2022,2022-02-02 15:00,주,수,1,0,0,0,0,제주,제주시,차량단독,공작물충돌,공작물충돌,기타,교차로,교차로부근,이륜차,없음,913714,1496890,126.57148811,33.46031604
2022,2022-02-02 20:00,야,수,1,0,0,0,0,인천,남동구,차대사람,차도통행중,차도통행중,안전운전 의무 불이행,단일로,기타단일로,승용차,보행자,931478,1939136,126.7253113,37.44887421
2022,2022-02-02 21:00,야,수,1,0,0,0,0,부산,사상구,차대사람,횡단중,횡단중,기타,단일로,지하차도(도로)내,승용차,보행자,1135033,1687142,128.98281305,35.17049347
2022,2022-02-03 03:00,야,목,2,0,0,0,0,경북,영천시,철길건널목,철길건널목,철길건널목,기타,철길건널목,철길건널목,화물차,기타,1124693,1779418,128.88353692,36.00360169
2022,2022-02-03 04:00,야,목,1,0,0,0,0,경기,시흥시,차대차,기타,기타,안전운전 의무 불이행,단일로,기타단일로,승용차,승용차,938814,1930598,126.8089513,37.37243451
2022,2022-02-03 10:00,주,목,1,0,0,0,0,경기,의정부시,차대사람,횡단중,횡단중,안전운전 의무 불이행,교차로,교차로횡단보도내,화물차,보행자,960086,1968305,127.04714237,37.71345947
2022,2022-02-03 12:00,주,목,1,7,0,6,1,경북,울진군,차대차,정면충돌,정면충돌,중앙선 침범,단일로,기타단일로,승용차,승합차,1166390,1900412,129.37211106,37.087575
2022,2022-02-03 20:00,야,목,1,1,0,1,0,경북,포항시,차대차,기타,기타,신호위반,교차로,교차로내,승합차,이륜차,1167229,1781962,129.35584031,36.02015567
2022,2022-02-03 22:00,야,목,1,0,0,0,0,울산,남구,차대사람,차도통행중,차도통행중,안전운전 의무 불이행,단일로,기타단일로,승용차,보행자,1164012,1728312,129.30916535,35.5372228
2022,2022-02-04 00:00,야,금,1,2,1,1,0,경기,이천시,차대차,정면충돌,정면충돌,중앙선 침범,단일로,기타단일로,승용차,화물차,988797,1916504,127.37367942,37.24734334
2022,2022-02-04 06:00,주,금,1,0,0,0,0,서울,양천구,차대사람,횡단중,횡단중,안전운전 의무 불이행,교차로,교차로횡단보도내,승용차,보행자,943779,1948039,126.86369361,37.52994781
2022,2022-02-04 13:00,주,금,1,0,0,0,0,인천,계양구,차대사람,횡단중,횡단중,보행자 보호의무 위반,교차로,교차로부근,화물차,보행자,932728,1947882,126.73864262,37.52779271
2022,2022-02-04 16:00,주,금,1,1,1,0,0,경북,안동시,차대차,정면충돌,정면충돌,중앙선 침범,단일로,기타단일로,승용차,승용차,1110341,1844018,128.73346258,36.58759939
2022,2022-02-05 06:00,주,토,1,0,0,0,0,경남,양산시,차대사람,횡단중,횡단중,안전운전 의무 불이행,교차로,교차로횡단보도내,승용차,보행자,1150393,1710280,129.15566312,35.37686073
2022,2022-02-05 15:00,주,토,1,0,0,0,0,경기,여주시,차량단독,공작물충돌,공작물충돌,안전운전 의무 불이행,단일로,기타단일로,승용차,없음,1013284,1924560,127.64992903,37.3199325
2022,2022-02-06 18:00,야,일,1,0,0,0,0,경북,성주군,차대차,추돌,추돌,안전운전 의무 불이행,단일로,기타단일로,승용차,자전거,1069327,1770889,128.26854492,35.93222409
2022,2022-02-06 18:00,야,일,1,0,0,0,0,경남,하동군,차량단독,공작물충돌,공작물충돌,안전운전 의무 불이행,단일로,기타단일로,화물차,없음,1034036,1689481,127.87390204,35.20008415
2022,2022-02-06 21:00,야,일,1,0,0,0,0,서울,금천구,차대차,정면충돌,정면충돌,신호위반,교차로,교차로내,승합차,이륜차,946980,1939662,126.90052426,37.45463401
2022,2022-02-07 09:00,주,월,1,0,0,0,0,충남,아산시,차대사람,횡단중,횡단중,보행자 보호의무 위반,교차로,교차로횡단보도내,승합차,보행자,955989,1865414,127.00674302,36.78584216
2022,2022-02-07 12:00,주,월,1,0,0,0,0,경남,하동군,차대차,추돌,추돌,안전운전 의무 불이행,단일로,기타단일로,화물차,농기계,1031158,1664734,127.84135528,34.97703026
2022,2022-02-07 14:00,주,월,1,0,0,0,0,충남,당진시,차대사람,횡단중,횡단중,보행자 보호의무 위반,교차로,교차로횡단보도내,승용차,보행자,922530,1877622,126.63053431,36.89373474
2022,2022-02-07 17:00,주,월,3,2,0,2,0,경북,김천시,차대차,정면충돌,정면충돌,중앙선 침범,단일로,기타단일로,승용차,화물차,1065116,1795784,128.22391782,36.1569462
2022,2022-02-07 22:00,야,월,1,0,0,0,0,서울,동작구,차대사람,차도통행중,차도통행중,안전운전 의무 불이행,단일로,기타단일로,이륜차,보행자,950475,1945544,126.93964324,37.50784387
2022,2022-02-08 00:00,야,화,1,0,0,0,0,경기,의정부시,차량단독,공작물충돌,공작물충돌,안전운전 의무 불이행,단일로,지하차도(도로)내,원동기장치자전거,없음,960059,1970478,127.04671671,37.73304364
2022,2022-02-08 01:00,야,화,1,0,0,0,0,경기,고양시,차량단독,기타,기타,안전운전 의무 불이행,단일로,기타단일로,이륜차,없음,946147,1964635,126.88927137,37.67966882
2022,2022-02-08 03:00,야,화,1,0,0,0,0,서울,용산구,차량단독,주/정차차량 충돌,주/정차차량 충돌,안전운전 의무 불이행,단일로,기타단일로,이륜차,승용차,956350,1948094,127.00596273,37.53112441
2022,2022-02-08 05:00,야,화,1,2,0,2,0,경기,평택시,차대차,기타,기타,안전운전 의무 불이행,단일로,기타단일로,화물차,승용차,962605,1891837,127.0795856,37.02431219
2022,2022-02-08 13:00,주,화,1,0,0,0,0,경북,경주시,차대차,추돌,추돌,안전운전 의무 불이행,교차로,교차로내,화물차,건설기계,1157363,1759463,129.24194552,35.81904164
2022,2022-02-08 19:00,야,화,1,0,0,0,0,경기,평택시,차대차,측면충돌,측면충돌,안전운전 의무 불이행,교차로,교차로내,화물차,승용차,960402,1897636,127.05451355,37.07649452
2022,2022-02-09 00:00,야,수,1,0,0,0,0,대전,대덕구,차량단독,공작물충돌,공작물충돌,안전운전 의무 불이행,단일로,기타단일로,이륜차,없음,993583,1826985,127.42840075,36.4404053
2022,2022-02-09 05:00,야,수,1,0,0,0,0,경북,영천시,차량단독,공작물충돌,공작물충돌,안전운전 의무 불이행,단일로,기타단일로,승용차,없음,1125636,1788397,128.89542485,36.08441008
2022,2022-02-09 05:00,야,수,1,0,0,0,0,인천,서구,차대차,측면충돌,측면충돌,신호위반,교차로,교차로내,건설기계,자전거,921666,1955397,126.61265719,37.59464818
2022,2022-02-09 06:00,주,수,1,0,0,0,0,충북,충주시,차대차,추돌,추돌,안전운전 의무 불이행,단일로,기타단일로,화물차,승용차,1024266,1900195,127.77308308,37.10008426
2022,2022-02-09 08:00,주,수,1,0,0,0,0,경기,안성시,차대사람,횡단중,횡단중,보행자 보호의무 위반,교차로,교차로횡단보도내,승합차,보행자,978687,1886832,127.26052752,36.97969818
2022,2022-02-09 12:00,주,수,1,0,0,0,0,인천,계양구,차대사람,횡단중,횡단중,보행자 보호의무 위반,교차로,교차로횡단보도내,승합차,보행자,930855,1948165,126.7174199,37.53020477
2022,2022-02-09 18:00,야,수,1,0,0,0,0,경기,수원시,차대사람,횡단중,횡단중,안전운전 의무 불이행,단일로,기타단일로,승용차,보행자,956243,1920565,127.00638237,37.28298746
2022,2022-02-09 19:00,야,수,1,4,3,1,0,충남,보령시,차대차,측면충돌,측면충돌,안전운전 의무 불이행,단일로,기타단일로,승용차,승용차,916340,1817404,126.56763083,36.35041318
2022,2022-02-09 19:00,야,수,1,0,0,0,0,제주,서귀포시,차대차,기타,기타,안전운전 의무 불이행,교차로,교차로내,승용차,승용차,913228,1474365,126.56842595,33.25713147
2022,2022-02-10 02:00,야,목,1,0,0,0,0,부산,남구,차대차,측면충돌,측면충돌,신호위반,교차로,교차로내,이륜차,승용차,1144571,1683334,129.08684962,35.13484194
2022,2022-02-10 05:00,야,목,1,0,0,0,0,경기,평택시,차대사람,횡단중,횡단중,안전운전 의무 불이행,단일로,기타단일로,특수차,보행자,939743,1890010,126.8227183,37.00665516
2022,2022-02-10 05:00,야,목,1,0,0,0,0,전북,순창군,차대차,정면충돌,정면충돌,안전운전 의무 불이행,단일로,기타단일로,승용차,승합차,967359,1710530,127.14058435,35.38992563
2022,2022-02-10 06:00,주,목,1,1,0,0,1,전북,군산시,차대차,기타,기타,안전운전 의무 불이행,교차로,교차로부근,승용차,기타,929705,1777015,126.72018216,35.98738183
2022,2022-02-10 06:00,주,목,1,0,0,0,0,경남,밀양시,차량단독,공작물충돌,공작물충돌,안전운전 의무 불이행,단일로,기타단일로,화물차,없음,1113504,1708782,128.74944738,35.36823889
2022,2022-02-10 07:00,주,목,1,0,0,0,0,충남,서산시,차대사람,횡단중,횡단중,안전운전 의무 불이행,단일로,기타단일로,승용차,보행자,905896,1865559,126.44536694,36.78349662
2022,2022-02-10 13:00,주,목,1,1,0,1,0,전남,영암군,차대차,측면충돌,측면충돌,안전운전 의무 불이행,교차로,교차로내,화물차,화물차,926133,1647484,126.69229457,34.81927564
2022,2022-02-10 15:00,주,목,1,0,0,0,0,경남,의령군,차량단독,기타,기타,안전운전 의무 불이행,단일로,기타단일로,농기계,없음,1060405,1710274,128.16509671,35.38632124
2022,2022-02-10 19:00,야,목,1,3,2,1,0,경북,고령군,차대차,기타,기타,안전운전 의무 불이행,단일로,기타단일로,특수차,승용차,1078562,1752861,128.36913676,35.76900035
2022,2022-02-10 21:00,야,목,1,0,0,0,0,경북,경산시,차대사람,횡단중,횡단중,안전운전 의무 불이행,교차로,교차로횡단보도내,승용차,보행자,1110980,1760413,128.72876428,35.83394935
2022,2022-02-11 01:00,야,금,1,0,0,0,0,서울,강남구,차대사람,기타,기타,안전운전 의무 불이행,단일로,기타단일로,승용차,보행자,962220,1943733,127.07262264,37.49207623
2022,2022-02-11 10:00,주,금,1,0,0,0,0,전남,진도군,차대차,정면충돌,정면충돌,안전운전 의무 불이행,단일로,기타단일로,화물차,이륜차,882200,1610970,126.21707511,34.48594029
2022,2022-02-11 12:00,주,금,1,3,0,3,0,충북,충주시,차대차,추돌,추돌,안전운전 의무 불이행,교차로,교차로내,승용차,승용차,1028979,1886143,127.82557995,36.97328233
2022,2022-02-11 15:00,주,금,1,0,0,0,0,강원,횡성군,차량단독,도로이탈,도로이탈 추락,안전운전 의무 불이행,단일로,기타단일로,화물차,없음,1059618,1931379,128.17340342,37.37957599
2022,2022-02-11 18:00,야,금,1,0,0,0,0,광주,서구,차대사람,횡단중,횡단중,안전운전 의무 불이행,교차로,교차로내,화물차,보행자,943610,1686147,126.8807667,35.16901547
2022,2022-02-11 21:00,야,금,1,0,0,0,0,서울,관악구,차대사람,횡단중,횡단중,안전운전 의무 불이행,단일로,기타단일로,승용차,보행자,947440,1942650,126.9055118,37.48159181
2022,2022-02-11 21:00,야,금,1,0,0,0,0,전남,목포시,차대사람,차도통행중,차도통행중,안전운전 의무 불이행,기타,기타,승용차,보행자,902161,1645765,126.43040637,34.80175467
2022,2022-02-11 22:00,야,금,1,0,0,0,0,서울,송파구,차량단독,공작물충돌,공작물충돌,안전운전 의무 불이행,단일로,기타단일로,승용차,없음,966712,1941214,127.12355018,37.46954411
2022,2022-02-12 05:00,야,토,1,0,0,0,0,경북,안동시,차대사람,기타,기타,안전운전 의무 불이행,단일로,기타단일로,화물차,보행자,1117283,1837367,128.81003441,36.52682745
2022,2022-02-12 14:00,주,토,1,1,1,0,0,충남,천안시,차대차,기타,기타,안전운전 의무 불이행,교차로,교차로부근,이륜차,건설기계,969553,1864828,127.15878312,36.78109283
2022,2022-02-12 15:00,주,토,1,0,0,0,0,충남,천안시,차대차,기타,기타,안전운전 의무 불이행,교차로,교차로내,자전거,승용차,966266,1870741,127.12168454,36.83428436
2022,2022-02-12 15:00,주,토,1,0,0,0,0,충남,홍성군,차대차,측면충돌,측면충돌,기타,단일로,기타단일로,승용차,자전거,914390,1845130,126.54283267,36.60016295
2022,2022-02-12 17:00,주,토,1,2,2,0,0,경기,안성시,차대차,정면충돌,정면충돌,중앙선 침범,기타,기타,화물차,화물차,978846,1894442,127.2621003,37.04830083
2022,2022-02-12 18:00,야,토,1,0,0,0,0,경기,남양주시,차량단독,공작물충돌,공작물충돌,안전운전 의무 불이행,교차로,교차로내,이륜차,없음,971157,1955073,127.17327285,37.59461125
2022,2022-02-12 21:00,야,토,1,0,0,0,0,경남,창원시(통합),차대차,추돌,추돌,기타,단일로,기타단일로,건설기계,이륜차,1103978,1696070,128.64299155,35.25467665
2022,2022-02-12 23:00,야,토,2,1,1,0,0,경남,창원시(통합),차대차,측면충돌,측면충돌,기타,단일로,기타단일로,승용차,승용차,1097219,1678965,128.56668758,35.10114366
2022,2022-02-13 04:00,야,일,1,0,0,0,0,대구,동구,차대사람,횡단중,횡단중,안전운전 의무 불이행,단일로,기타단일로,승용차,보행자,1101536,1763992,128.6246753,35.86723551
2022,2022-02-13 12:00,주,일,1,0,0,0,0,전남,목포시,차대차,측면충돌,측면충돌,안전운전 의무 불이행,단일로,기타단일로,원동기장치자전거,화물차,901074,1648969,126.41814737,34.83053725
2022,2022-02-13 19:00,야,일,1,0,0,0,0,충남,당진시,차대사람,횡단중,횡단중,안전운전 의무 불이행,교차로,교차로횡단보도내,화물차,보행자,917061,1889418,126.5678669,36.99959086
2022,2022-02-13 21:00,야,일,1,0,0,0,0,경기,오산시,차대차,기타,기타,안전운전 의무 불이행,단일로,기타단일로,승용차,승합차,959337,1906894,127.04203001,37.15990016
2022,2022-02-14 14:00,주,월,1,1,1,0,0,충북,청주시,차대차,추돌,추돌,안전운전 의무 불이행,단일로,기타단일로,화물차,건설기계,985804,1846285,127.34124975,36.61431337
2022,2022-02-14 14:00,주,월,1,1,1,0,0,전남,순천시,차량단독,기타,기타,안전운전 의무 불이행,단일로,기타단일로,승용차,없음,973435,1663630,127.20899848,34.96720612
2022,2022-02-14 16:00,주,월,1,0,0,0,0,충남,금산군,차대차,측면충돌,측면충돌,안전운전 의무 불이행,단일로,기타단일로,승용차,자전거,997179,1799144,127.46862474,36.18942298
2022,2022-02-14 18:00,야,월,1,0,0,0,0,충남,공주시,차대사람,횡단중,횡단중,안전운전 의무 불이행,단일로,기타단일로,승용차,보행자,967750,1830968,127.1399999,36.47579152
2022,2022-02-15 07:00,주,화,1,0,0,0,0,경기,양주시,차대차,측면충돌,측면충돌,신호위반,교차로,교차로내,이륜차,화물차,955055,1979468,126.9893722,37.81383747
2022,2022-02-15 19:00,야,화,1,0,0,0,0,경기,부천시,차대사람,횡단중,횡단중,보행자 보호의무 위반,단일로,기타단일로,화물차,보행자,938613,1942701,126.80567459,37.48150696
2022,2022-02-15 22:00,야,화,1,0,0,0,0,경기,광명시,차대사람,횡단중,횡단중,신호위반,교차로,교차로부근,승용차,보행자,945233,1938728,126.88084207,37.44611383
2022,2022-02-16 06:00,주,수,1,0,0,0,0,서울,강서구,차대사람,기타,기타,안전운전 의무 불이행,단일로,기타단일로,승합차,보행자,944175,1950184,126.86801211,37.54930488
2022,2022-02-16 10:00,주,수,1,1,0,1,0,경남,산청군,차대차,정면충돌,정면충돌,중앙선 침범,단일로,기타단일로,화물차,화물차,1036048,1697020,127.89633489,35.26799212
2022,2022-02-16 14:00,주,수,1,0,0,0,0,대전,유성구,차대사람,기타,기타,안전운전 의무 불이행,교차로,교차로내,승용차,보행자,986345,1815003,127.3478518,36.33230787
2022,2022-02-16 18:00,야,수,1,0,0,0,0,인천,강화군,차대차,추돌,추돌,안전운전 의무 불이행,단일로,지하차도(도로)내,승용차,농기계,913802,1967458,126.52216345,37.70264014
2022,2022-02-17 02:00,야,목,1,1,1,0,0,전북,완주군,차대차,추돌,추돌,안전운전 의무 불이행,단일로,기타단일로,화물차,화물차,957906,1759094,127.03396599,35.82743557
2022,2022-02-17 19:00,야,목,1,0,0,0,0,경북,포항시,차량단독,기타,기타,안전운전 의무 불이행,단일로,기타단일로,이륜차,없음,1165975,1790505,129.34372596,36.09735269
2022,2022-02-18 13:00,주,금,1,0,0,0,0,경북,경산시,차량단독,공작물충돌,공작물충돌,안전운전 의무 불이행,단일로,기타단일로,이륜차,없음,1118485,1758026,128.81148626,35.81155509
2022,2022-02-18 19:00,야,금,1,0,0,0,0,충남,청양군,차대차,측면충돌,측면충돌,신호위반,교차로,교차로내,승용차,이륜차,936337,1832752,126.78921454,36.49030052
2022,2022-02-18 20:00,야,금,1,0,0,0,0,경남,창원시(통합),차대차,측면충돌,측면충돌,신호위반,교차로,교차로내,원동기장치자전거,승합차,1106813,1695002,128.67401107,35.2447501
2022,2022-02-19 00:00,야,토,1,0,0,0,0,전남,강진군,차량단독,공작물충돌,공작물충돌,안전운전 의무 불이행,단일로,기타단일로,이륜차,없음,933279,1627673,126.77199535,34.64113127
2022,2022-02-19 08:00,주,토,1,1,0,1,0,충북,청주시,차대차,정면충돌,정면충돌,안전운전 의무 불이행,교차로,교차로내,승용차,건설기계,988519,1852554,127.371517,36.67086467
2022,2022-02-19 08:00,주,토,1,0,0,0,0,경북,경주시,차대차,측면충돌,측면충돌,중앙선 침범,단일로,기타단일로,승용차,승합차,1153942,1764187,129.20500269,35.86215795
2022,2022-02-19 10:00,주,토,1,0,0,0,0,경북,영천시,차량단독,공작물충돌,공작물충돌,안전운전 의무 불이행,단일로,기타단일로,화물차,없음,1128062,1783626,128.92158884,36.041092
2022,2022-02-19 11:00,주,토,1,0,0,0,0,전북,남원시,차대차,측면충돌,측면충돌,안전거리 미확보,단일로,기타단일로,자전거,승용차,989066,1711770,127.37958629,35.40158113
2022,2022-02-19 15:00,주,토,1,0,0,0,0,경기,양주시,차량단독,전복,전복,안전운전 의무 불이행,단일로,교량위,자전거,없음,961715,1981291,127.06493898,37.8305717
2022,2022-02-19 21:00,야,토,1,0,0,0,0,경북,김천시,차량단독,공작물충돌,공작물충돌,안전운전 의무 불이행,교차로,교차로내,승용차,없음,1048020,1779844,128.03289345,36.01423851
2022,2022-02-20 05:00,야,일,1,0,0,0,0,충남,홍성군,차대사람,횡단중,횡단중,안전운전 의무 불이행,단일로,기타단일로,승용차,보행자,926087,1845400,126.67357237,36.60357529
2022,2022-02-20 07:00,주,일,1,0,0,0,0,경북,구미시,차량단독,공작물충돌,공작물충돌,안전운전 의무 불이행,단일로,기타단일로,승용차,없음,1073439,1813107,128.31806489,36.31251225