발생년,발생년월일시,주야,요일,사망자수,부상자수,중상자수,경상자수,부상신고자수,발생지시도,발생지시군구,사고유형_대분류,사고유형_중분류,사고유형,가해자법규위반,도로형태_대분류,도로형태,가해자_당사자종별,피해자_당사자종별,발생위치X_UTMK,발생위치Y_UTMK,경도,위도
2022,2022-05-15 15:00,주,일,1,2,1,1,0,서울,강서구,차대사람,길가장자리구역통행중,길가장자리구역통행중,안전운전 의무 불이행,교차로,교차로내,화물차,보행자,943960,1950448,126.86555808,37.55167127
2022,2022-05-15 17:00,주,일,1,0,0,0,0,경기,평택시,차대사람,기타,기타,안전운전 의무 불이행,교차로,교차로부근,화물차,보행자,964781,1887523,127.10425042,36.98550905
2022,2022-05-15 17:00,주,일,1,0,0,0,0,충북,청주시,차대차,정면충돌,정면충돌,신호위반,교차로,교차로내,자전거,승용차,999014,1847412,127.48897235,36.62457852
2022,2022-05-15 19:00,야,일,1,0,0,0,0,광주,광산구,차대사람,기타,기타,안전운전 의무 불이행,단일로,기타단일로,화물차,보행자,929040,1680250,126.72128812,35.11492231
2022,2022-05-16 01:00,야,월,1,0,0,0,0,전북,군산시,차량단독,공작물충돌,공작물충돌,중앙선 침범,단일로,지하차도(도로)내,승용차,없음,936285,1773506,126.79345413,35.95619939
2022,2022-05-16 02:00,야,월,1,1,1,0,0,제주,제주시,차대차,측면충돌,측면충돌,기타,교차로,교차로내,승용차,이륜차,906155,1499564,126.48987753,33.4837951
2022,2022-05-16 03:00,야,월,1,0,0,0,0,경북,포항시,차대사람,기타,기타,안전운전 의무 불이행,단일로,지하차도(도로)내,승용차,보행자,1167872,1781578,129.36289122,36.01658478
2022,2022-05-16 04:00,야,월,2,0,0,0,0,서울,구로구,차량단독,기타,기타,기타,단일로,교량위,승용차,없음,945017,1943261,126.87806187,37.48695778
2022,2022-05-16 09:00,주,월,1,0,0,0,0,경북,상주시,차대사람,기타,기타,안전운전 의무 불이행,단일로,기타단일로,화물차,보행자,1045578,1818941,128.00806649,36.36682715
2022,2022-05-16 10:00,주,월,1,0,0,0,0,경기,수원시,차대차,측면충돌,측면충돌,중앙선 침범,교차로,교차로부근,자전거,승용차,956402,1922119,127.00808478,37.29700215
2022,2022-05-16 14:00,주,월,1,0,0,0,0,경기,여주시,차대사람,길가장자리구역통행중,길가장자리구역통행중,중앙선 침범,단일로,기타단일로,승용차,보행자,1018922,1926808,127.71361899,37.34009793
2022,2022-05-16 18:00,야,월,1,3,0,3,0,광주,광산구,차대차,추돌,추돌,안전운전 의무 불이행,단일로,기타단일로,화물차,승용차,938649,1692524,126.82581695,35.22622311
2022,2022-05-16 20:00,야,월,1,1,0,1,0,충남,서천군,차대사람,기타,기타,보행자 보호의무 위반,교차로,교차로내,화물차,보행자,927165,1787718,126.69102093,36.08368283
2022,2022-05-16 23:00,야,월,1,0,0,0,0,부산,부산진구,차대차,추돌,추돌,안전운전 의무 불이행,교차로,교차로부근,건설기계,이륜차,1142661,1686818,129.06649386,35.16651882
2022,2022-05-16 23:00,야,월,2,0,0,0,0,경북,김천시,차대차,정면충돌,정면충돌,안전운전 의무 불이행,단일로,기타단일로,특수차,승용차,1045579,1800785,128.00701775,36.20314786
2022,2022-05-16 23:00,야,월,1,0,0,0,0,인천,연수구,차량단독,전도,전도,안전운전 의무 불이행,교차로,교차로부근,이륜차,없음,924136,1930723,126.64317709,37.37247638
2022,2022-05-17 00:00,야,화,1,0,0,0,0,충북,제천시,차대차,추돌,추돌,안전운전 의무 불이행,단일로,기타단일로,이륜차,화물차,1061716,1903715,128.19480557,37.13009269
2022,2022-05-17 01:00,야,화,1,1,1,0,0,경기,고양시,차대사람,차도통행중,차도통행중,안전운전 의무 불이행,단일로,기타단일로,승합차,보행자,943356,1966635,126.85746586,37.69752629
2022,2022-05-17 06:00,주,화,1,0,0,0,0,경남,김해시,차대차,기타,기타,안전운전 의무 불이행,단일로,기타단일로,화물차,화물차,1132039,1695694,128.9513165,35.24798113
2022,2022-05-17 07:00,주,화,1,0,0,0,0,전남,순천시,차량단독,도로이탈,도로이탈 추락,안전운전 의무 불이행,단일로,기타단일로,화물차,없음,993271,1655602,127.42635271,34.8951396
2022,2022-05-17 08:00,주,화,1,1,0,1,0,제주,서귀포시,차대차,측면충돌,측면충돌,안전운전 의무 불이행,단일로,기타단일로,화물차,승합차,893428,1482864,126.35488792,33.33200274
2022,2022-05-17 09:00,주,화,1,0,0,0,0,충북,음성군,차대사람,횡단중,횡단중,보행자 보호의무 위반,교차로,교차로횡단보도내,승용차,보행자,1012013,1902219,127.63522405,37.11856646
2022,2022-05-17 17:00,주,화,1,0,0,0,0,광주,광산구,차대차,정면충돌,정면충돌,기타,단일로,기타단일로,승용차,자전거,929102,1684903,126.7215692,35.15688001
2022,2022-05-17 21:00,야,화,1,0,0,0,0,경북,경주시,차량단독,기타,기타,안전운전 의무 불이행,단일로,기타단일로,농기계,없음,1144660,1764788,129.1023451,35.86898934
2022,2022-05-19 04:00,야,목,1,0,0,0,0,인천,서구,차대사람,횡단중,횡단중,안전운전 의무 불이행,단일로,기타단일로,승용차,보행자,927292,1950105,126.67690556,37.54741527
2022,2022-05-19 08:00,주,목,1,0,0,0,0,충북,음성군,차대차,측면충돌,측면충돌,교차로 통행방법 위반,교차로,교차로내,승용차,승용차,997876,1887031,127.47613412,36.98173118
2022,2022-05-19 10:00,주,목,1,1,0,1,0,경북,경산시,차대차,추돌,추돌,안전운전 의무 불이행,교차로,교차로부근,화물차,화물차,1118709,1766408,128.81521229,35.88708162
2022,2022-05-19 17:00,주,목,1,0,0,0,0,경북,포항시,차대사람,횡단중,횡단중,보행자 보호의무 위반,교차로,교차로횡단보도내,화물차,보행자,1166181,1779344,129.3436659,35.99674361
2022,2022-05-20 03:00,야,금,1,0,0,0,0,인천,중구,차량단독,공작물충돌,공작물충돌,안전운전 의무 불이행,단일로,기타단일로,이륜차,없음,915801,1943960,126.54754074,37.49105578
2022,2022-05-20 15:00,주,금,1,8,2,4,2,경남,남해군,차대차,정면충돌,정면충돌,중앙선 침범,단일로,기타단일로,승용차,승합차,1041416,1641870,127.95260396,34.77048973
2022,2022-05-20 18:00,야,금,1,0,0,0,0,경북,고령군,차량단독,도로이탈,도로이탈 추락,안전운전 의무 불이행,기타,기타,자전거,없음,1074597,1741261,128.32419821,35.6647303
2022,2022-05-20 21:00,야,금,1,0,0,0,0,경북,영주시,차대차,추돌,추돌,안전운전 의무 불이행,단일로,기타단일로,화물차,화물차,1088475,1875439,128.49270706,36.87309091
2022,2022-05-21 10:00,주,토,1,0,0,0,0,경기,용인시,차대사람,횡단중,횡단중,보행자 보호의무 위반,단일로,기타단일로,승용차,보행자,965571,1922880,127.11150065,37.30424638
2022,2022-05-21 12:00,주,토,1,0,0,0,0,경북,영덕군,차량단독,기타,기타,안전운전 의무 불이행,교차로,교차로내,농기계,없음,1164423,1844980,129.3379962,36.58848023
2022,2022-05-21 17:00,주,토,1,0,0,0,0,경북,포항시,차대차,측면충돌,측면충돌,중앙선 침범,단일로,기타단일로,승용차,이륜차,1171262,1778690,129.39986735,35.98997097
2022,2022-05-21 22:00,야,토,1,0,0,0,0,대구,달서구,차대사람,횡단중,횡단중,안전운전 의무 불이행,단일로,기타단일로,승용차,보행자,1096585,1761878,128.56958772,35.84867954
2022,2022-05-22 06:00,주,일,1,0,0,0,0,강원,원주시,차대차,기타,기타,중앙선 침범,단일로,기타단일로,이륜차,건설기계,1039885,1929813,127.95043663,37.36651983
2022,2022-05-22 08:00,주,일,1,0,0,0,0,경기,평택시,차량단독,공작물충돌,공작물충돌,안전운전 의무 불이행,교차로,교차로부근,이륜차,없음,950032,1888827,126.93843832,36.99659517
2022,2022-05-22 13:00,주,일,1,1,1,0,0,충남,천안시,차대차,측면충돌,측면충돌,신호위반,교차로,교차로내,이륜차,이륜차,975683,1878885,127.22703064,36.90798777
2022,2022-05-22 18:00,야,일,1,0,0,0,0,경북,구미시,차량단독,공작물충돌,공작물충돌,안전운전 의무 불이행,교차로,교차로내,이륜차,없음,1074742,1792564,128.33061795,36.12722388
2022,2022-05-22 21:00,야,일,1,0,0,0,0,경기,파주시,차대사람,횡단중,횡단중,기타,단일로,기타단일로,승용차,보행자,937633,1973362,126.79197507,37.75778265
2022,2022-05-22 23:00,야,일,1,3,1,2,0,경북,경주시,차대차,추돌,추돌,안전운전 의무 불이행,단일로,지하차도(도로)내,승용차,승용차,1152667,1757426,129.18959424,35.80142559
2022,2022-05-23 01:00,야,월,1,0,0,0,0,경기,남양주시,차대사람,기타,기타,안전운전 의무 불이행,단일로,터널안,승용차,보행자,979539,1956552,127.26818008,37.60816677
2022,2022-05-23 03:00,야,월,1,0,0,0,0,충남,아산시,차대사람,기타,기타,안전운전 의무 불이행,교차로,교차로부근,화물차,보행자,961013,1877800,127.06241264,36.89771476
2022,2022-05-23 09:00,주,월,1,0,0,0,0,충북,충주시,차량단독,기타,기타,안전운전 의무 불이행,단일로,기타단일로,이륜차,없음,1045731,1871566,128.01290318,36.84121695
2022,2022-05-23 10:00,주,월,1,1,0,1,0,대구,달성군,차대차,정면충돌,정면충돌,신호위반,교차로,교차로내,승용차,이륜차,1089694,1757007,128.49274002,35.80542322
2022,2022-05-23 12:00,주,월,1,2,1,1,0,경북,안동시,차량단독,도로이탈,도로이탈 추락,안전운전 의무 불이행,단일로,기타단일로,승용차,없음,1114751,1867790,128.78631409,36.80132717
2022,2022-05-23 13:00,주,월,1,0,0,0,0,강원,양구군,차대차,추돌,추돌,안전운전 의무 불이행,단일로,기타단일로,이륜차,화물차,1042379,2012202,127.9834061,38.10897996
2022,2022-05-23 14:00,주,월,1,0,0,0,0,서울,중랑구,차대차,기타,기타,안전운전 의무 불이행,교차로,교차로내,건설기계,자전거,962297,1954752,127.07292751,37.5913975
2022,2022-05-23 14:00,주,월,1,0,0,0,0,강원,영월군,차량단독,공작물충돌,공작물충돌,안전운전 의무 불이행,단일로,기타단일로,이륜차,없음,1083300,1911481,128.43864001,37.19841428
2022,2022-05-23 16:00,주,월,1,0,0,0,0,전북,고창군,차대차,측면충돌,측면충돌,기타,교차로,교차로내,원동기장치자전거,화물차,918990,1706778,126.60839752,35.35334018
2022,2022-05-23 19:00,야,월,1,0,0,0,0,경남,하동군,차량단독,전도,전도,안전운전 의무 불이행,교차로,교차로부근,농기계,없음,1019411,1685322,127.71314273,35.16297149
2022,2022-05-24 05:00,야,화,1,2,1,1,0,경남,하동군,차대차,추돌,추돌,안전운전 의무 불이행,단일로,기타단일로,승용차,농기계,1032786,1669352,127.85937273,35.01862055
2022,2022-05-24 10:00,주,화,1,0,0,0,0,강원,강릉시,차대차,추돌,추돌,안전운전 의무 불이행,단일로,기타단일로,승용차,승용차,1122060,1972060,128.88533689,37.74003246
2022,2022-05-24 12:00,주,화,1,0,0,0,0,경북,성주군,차량단독,전도,전도,안전운전 의무 불이행,단일로,기타단일로,이륜차,없음,1077884,1760057,128.36233765,35.83392784
2022,2022-05-24 12:00,주,화,1,0,0,0,0,경북,포항시,차대차,측면충돌,측면충돌,안전거리 미확보,단일로,기타단일로,개인형이동장치(PM),승용차,1171319,1778487,129.40045547,35.98813173
2022,2022-05-24 14:00,주,화,1,0,0,0,0,서울,금천구,차대차,기타,기타,안전운전 의무 불이행,단일로,기타단일로,건설기계,기타,946768,1941067,126.89802587,37.46728542
2022,2022-05-24 19:00,야,화,1,0,0,0,0,경기,오산시,차량단독,공작물충돌,공작물충돌,안전운전 의무 불이행,교차로,교차로부근,이륜차,없음,961255,1905746,127.06369051,37.14963368
2022,2022-05-24 19:00,야,화,1,1,1,0,0,경북,구미시,차대차,추돌,추돌,기타,단일로,기타단일로,화물차,농기계,1064108,1806832,128.21361594,36.25661038
2022,2022-05-24 21:00,야,화,1,0,0,0,0,강원,속초시,차대사람,횡단중,횡단중,안전운전 의무 불이행,교차로,교차로내,화물차,보행자,1095895,2022114,128.5951098,38.19420048
2022,2022-05-24 22:00,야,화,1,0,0,0,0,대구,달성군,차대차,추돌,추돌,안전운전 의무 불이행,단일로,기타단일로,이륜차,승합차,1088968,1764336,128.48552257,35.87155914
2022,2022-05-24 22:00,야,화,1,0,0,0,0,경기,파주시,차대사람,기타,기타,안전운전 의무 불이행,교차로,교차로부근,승용차,보행자,930328,1975743,126.70882292,37.7787138
2022,2022-05-24 23:00,야,화,1,1,1,0,0,경북,상주시,차대차,추돌,추돌,안전운전 의무 불이행,단일로,기타단일로,화물차,승용차,1057865,1839991,128.14659861,36.5559251
2022,2022-05-24 23:00,야,화,1,1,0,1,0,제주,제주시,차대사람,차도통행중,차도통행중,기타,단일로,기타단일로,승용차,보행자,898620,1493069,126.40951862,33.42453514
2022,2022-05-25 01:00,야,수,1,0,0,0,0,광주,동구,차대사람,횡단중,횡단중,기타,교차로,교차로내,승용차,보행자,946338,1683841,126.91087207,35.14837232
2022,2022-05-25 08:00,주,수,1,1,0,1,0,충남,천안시,차대차,기타,기타,신호위반,단일로,기타단일로,화물차,이륜차,967488,1869836,127.13542731,36.82616905
2022,2022-05-25 11:00,주,수,1,1,1,0,0,광주,동구,차대사람,보도통행중,보도통행중,기타,단일로,기타단일로,화물차,보행자,947160,1685460,126.91979234,35.16301397
2022,2022-05-25 11:00,주,수,1,0,0,0,0,광주,북구,차량단독,전도,전도,안전운전 의무 불이행,단일로,기타단일로,자전거,없음,947358,1687124,126.92186018,35.1780282
2022,2022-05-25 16:00,주,수,1,1,0,1,0,경기,안양시,차대차,기타,기타,교차로 통행방법 위반,교차로,교차로내,자전거,자전거,950534,1932168,126.94120824,37.38728491
2022,2022-05-25 16:00,주,수,1,0,0,0,0,경남,창원시(통합),차대사람,횡단중,횡단중,신호위반,교차로,교차로횡단보도내,승용차,보행자,1096712,1688657,128.5622605,35.18857237
2022,2022-05-25 20:00,야,수,1,0,0,0,0,경기,성남시,차량단독,기타,기타,안전운전 의무 불이행,단일로,기타단일로,자전거,없음,966317,1937995,127.11923039,37.44051522
2022,2022-05-26 00:00,야,목,1,0,0,0,0,경기,의왕시,차대사람,차도통행중,차도통행중,안전운전 의무 불이행,단일로,기타단일로,승용차,보행자,954361,1927755,126.98471031,37.3477047
2022,2022-05-26 00:00,야,목,1,0,0,0,0,대구,달서구,차대차,추돌,추돌,안전운전 의무 불이행,단일로,기타단일로,개인형이동장치(PM),건설기계,1090989,1760139,128.5074279,35.83353843
2022,2022-05-26 06:00,주,목,1,0,0,0,0,충남,당진시,차대차,추돌,추돌,안전운전 의무 불이행,단일로,기타단일로,승합차,승용차,935475,1881736,126.77545708,36.93179193
2022,2022-05-26 08:00,주,목,1,0,0,0,0,경기,안산시,차대사람,기타,기타,안전운전 의무 불이행,교차로,교차로부근,승용차,보행자,937568,1925402,126.79531752,37.32551879
2022,2022-05-26 09:00,주,목,1,2,0,2,0,경기,구리시,차대차,기타,기타,안전운전 의무 불이행,단일로,기타단일로,화물차,승용차,965857,1958996,127.11305361,37.62978893
2022,2022-05-26 15:00,주,목,1,0,0,0,0,경북,안동시,차대차,기타,기타,기타,교차로,교차로부근,화물차,이륜차,1108763,1841334,128.71544705,36.56358962
2022,2022-05-26 17:00,주,목,1,2,0,2,0,인천,미추홀구,차대차,추돌,추돌,안전운전 의무 불이행,단일로,기타단일로,화물차,승용차,926995,1941810,126.67436759,37.47263134
2022,2022-05-27 13:00,주,금,1,0,0,0,0,충북,괴산군,차량단독,전도,전도,안전운전 의무 불이행,단일로,교량위,농기계,없음,1030495,1866254,127.8418119,36.7939461
2022,2022-05-27 16:00,주,금,1,0,0,0,0,충북,제천시,차대차,기타,기타,기타,단일로,기타단일로,특수차,이륜차,1067360,1899557,128.25796786,37.09222525
2022,2022-05-27 21:00,야,금,1,0,0,0,0,인천,옹진군,차량단독,도로이탈,도로이탈 기타,안전운전 의무 불이행,교차로,교차로부근,자전거,없음,911022,1918450,126.49655584,37.26069958
2022,2022-05-28 02:00,야,토,2,2,2,0,0,경남,창원시(통합),차대차,추돌,추돌,안전운전 의무 불이행,단일로,기타단일로,승용차,화물차,1104677,1698248,128.65095168,35.27423899
2022,2022-05-28 04:00,야,토,1,0,0,0,0,경기,성남시,차량단독,공작물충돌,공작물충돌,안전운전 의무 불이행,단일로,기타단일로,이륜차,없음,968299,1940608,127.14152312,37.46413772
2022,2022-05-28 10:00,주,토,1,0,0,0,0,경남,진주시,차대차,정면충돌,정면충돌,중앙선 침범,단일로,기타단일로,승합차,자전거,1067362,1690343,128.24005443,35.20617253
2022,2022-05-28 11:00,주,토,1,1,0,1,0,충북,단양군,차대차,정면충돌,정면충돌,중앙선 침범,단일로,기타단일로,이륜차,승용차,1084163,1897188,128.44675673,37.06951417
2022,2022-05-28 13:00,주,토,1,1,0,1,0,경기,김포시,차대차,기타,기타,중앙선 침범,기타,기타,화물차,화물차,916522,1958481,126.55404267,37.62198959
2022,2022-05-28 13:00,주,토,1,0,0,0,0,경북,울진군,차량단독,공작물충돌,공작물충돌,중앙선 침범,교차로,교차로내,화물차,없음,1173560,1856842,129.44276499,36.69373588
2022,2022-05-28 19:00,야,토,1,0,0,0,0,전북,익산시,차대사람,횡단중,횡단중,안전운전 의무 불이행,단일로,기타단일로,승용차,보행자,952011,1786324,126.96705699,36.0726604
2022,2022-05-28 23:00,야,토,1,0,0,0,0,경남,의령군,차량단독,도로이탈,도로이탈 추락,기타,단일로,기타단일로,이륜차,불명,1066772,1695941,128.23402755,35.25668553
2022,2022-05-29 03:00,야,일,1,0,0,0,0,경기,고양시,차대사람,횡단중,횡단중,안전운전 의무 불이행,단일로,기타단일로,화물차,보행자,935168,1963069,126.7649101,37.66484454
2022,2022-05-29 09:00,주,일,1,0,0,0,0,충북,청주시,차대차,기타,기타,안전운전 의무 불이행,기타,기타,이륜차,화물차,990942,1859117,127.39855485,36.73005544
2022,2022-05-29 09:00,주,일,1,1,0,1,0,충남,논산시,차대차,측면충돌,측면충돌,기타,교차로,교차로내,이륜차,사륜오토바이(ATV),969285,1793399,127.15861403,36.1371454
2022,2022-05-29 13:00,주,일,1,7,6,1,0,경북,안동시,차대차,정면충돌,정면충돌,중앙선 침범,교차로,교차로내,승용차,승용차,1111559,1844876,128.74719971,36.5951908
2022,2022-05-29 15:00,주,일,1,0,0,0,0,경기,시흥시,차량단독,공작물충돌,공작물충돌,안전운전 의무 불이행,단일로,기타단일로,이륜차,없음,931877,1932113,126.73046985,37.38560555
2022,2022-05-30 05:00,야,월,1,0,0,0,0,경기,여주시,차대차,추돌,추돌,기타,교차로,교차로내,이륜차,화물차,1006066,1914792,127.56838392,37.2319589
2022,2022-05-30 07:00,주,월,1,0,0,0,0,전남,진도군,차대차,측면충돌,측면충돌,교차로 통행방법 위반,교차로,교차로내,이륜차,승용차,889981,1608503,126.3021167,34.46455741
2022,2022-05-30 07:00,주,월,1,1,0,1,0,전남,함평군,차량단독,공작물충돌,공작물충돌,기타,기타,기타,화물차,없음,907022,1676544,126.48010981,35.07971667
2022,2022-05-30 09:00,주,월,1,1,0,1,0,경기,안성시,차대차,추돌,추돌,안전운전 의무 불이행,단일로,터널안,화물차,건설기계,970485,1895707,127.16802334,37.05947798
2022,2022-05-30 10:00,주,월,1,0,0,0,0,경기,양주시,차대차,측면충돌,측면충돌,안전운전 의무 불이행,단일로,기타단일로,승용차,이륜차,955066,1979438,126.98949903,37.81356763
2022,2022-05-30 11:00,주,월,1,0,0,0,0,충남,서천군,차대사람,횡단중,횡단중,보행자 보호의무 위반,단일로,기타단일로,화물차,보행자,928429,1787960,126.705037,36.08595838
2022,2022-05-30 11:00,주,월,1,0,0,0,0,전북,고창군,차대차,측면충돌,측면충돌,중앙선 침범,단일로,기타단일로,이륜차,승용차,923106,1709605,126.65342793,35.37915383
2022,2022-05-30 13:00,주,월,1,0,0,0,0,충북,청주시,차대차,측면충돌,측면충돌,안전거리 미확보,단일로,기타단일로,이륜차,화물차,996854,1842896,127.46483289,36.58386196
2022,2022-05-30 13:00,주,월,1,0,0,0,0,경북,영주시,차대차,정면충돌,정면충돌,중앙선 침범,단일로,기타단일로,이륜차,승용차,1091566,1872832,128.52706918,36.8492988
2022,2022-05-30 13:00,주,월,1,1,1,0,0,경기,양주시,차대차,추돌,추돌,안전운전 의무 불이행,단일로,기타단일로,화물차,화물차,961368,1984342,127.06083282,37.85805535
2022,2022-05-30 16:00,주,월,1,2,1,0,1,서울,강서구,차대차,정면충돌,정면충돌,교차로 통행방법 위반,교차로,교차로내,승용차,화물차,938902,1949384,126.80838756,37.54175995
2022,2022-05-30 16:00,주,월,1,0,0,0,0,경북,예천군,차대차,측면충돌,측면충돌,안전운전 의무 불이행,교차로,교차로내,화물차,이륜차,1087392,1848861,128.47751296,36.63363138
2022,2022-05-30 16:00,주,월,1,0,0,0,0,경북,청도군,차대사람,기타,기타,안전거리 미확보,단일로,기타단일로,승용차,보행자,1102695,1738853,128.63428995,35.6404982
2022,2022-05-31 00:00,야,화,1,1,0,1,0,충남,천안시,차대차,추돌,추돌,안전운전 의무 불이행,기타,기타,화물차,화물차,974415,1862739,127.21334057,36.76240501
2022,2022-05-31 04:00,야,화,1,0,0,0,0,서울,송파구,차대사람,횡단중,횡단중,안전운전 의무 불이행,단일로,기타단일로,승용차,보행자,967693,1943628,127.13453802,37.49133755
2022,2022-05-31 06:00,주,화,1,0,0,0,0,울산,북구,차량단독,전도,전도,안전운전 의무 불이행,단일로,기타단일로,자전거,없음,1170081,1731031,129.37665015,35.56070312
2022,2022-05-31 09:00,주,화,1,0,0,0,0,경남,창녕군,차대차,측면충돌,측면충돌,안전운전 의무 불이행,교차로,교차로내,이륜차,화물차,1086718,1733193,128.45723617,35.59100433
2022,2022-05-31 10:00,주,화,1,0,0,0,0,충북,청주시,차량단독,도로이탈,도로이탈 추락,안전운전 의무 불이행,기타,기타,원동기장치자전거,없음,983168,1844106,127.31181988,36.59462681
2022,2022-05-31 12:00,주,화,1,1,0,0,1,경기,고양시,차대차,측면충돌,측면충돌,신호위반,교차로,교차로내,승용차,화물차,942633,1968972,126.84908088,37.71854415
2022,2022-05-31 16:00,주,화,1,1,1,0,0,경남,합천군,차대차,추돌,추돌,안전운전 의무 불이행,단일로,고가도로위,화물차,농기계,1060663,1730741,128.16946552,35.57083832
2022,2022-05-31 20:00,야,화,1,0,0,0,0,강원,원주시,차대차,정면충돌,정면충돌,중앙선 침범,교차로,교차로부근,화물차,화물차,1031822,1931621,127.85945768,37.38312829
2022,2022-05-31 21:00,야,화,1,0,0,0,0,경기,화성시,차대사람,보도통행중,보도통행중,안전운전 의무 불이행,교차로,교차로횡단보도내,승용차,보행자,931445,1912167,126.72743113,37.2057973
2022,2022-06-01 00:00,야,수,1,2,2,0,0,대구,달성군,차대사람,보도통행중,보도통행중,기타,단일로,기타단일로,승용차,보행자,1087650,1763886,128.47087514,35.86762134
2022,2022-06-01 02:00,야,수,1,0,0,0,0,충남,천안시,차대차,추돌,추돌,안전운전 의무 불이행,단일로,기타단일로,화물차,개인형이동장치(PM),967435,1882192,127.13430226,36.93754947
2022,2022-06-01 07:00,주,수,1,0,0,0,0,서울,강남구,차대차,기타,기타,중앙선 침범,교차로,교차로내,자전거,승용차,966438,1940896,127.1204661,37.4666679
2022,2022-06-01 07:00,주,수,1,0,0,0,0,전북,진안군,차량단독,기타,기타,안전운전 의무 불이행,교차로,교차로내,농기계,없음,992429,1762784,127.4161432,35.8615795
2022,2022-06-01 07:00,주,수,1,0,0,0,0,세종,세종시,차량단독,공작물충돌,공작물충돌,기타,단일로,기타단일로,승용차,없음,984737,1834116,127.32955893,36.50459263
2022,2022-06-01 08:00,주,수,1,0,0,0,0,강원,양양군,차대사람,차도통행중,차도통행중,안전운전 의무 불이행,단일로,기타단일로,승합차,보행자,1113832,1992564,128.79520119,37.92585145
2022,2022-06-01 09:00,주,수,1,0,0,0,0,전북,고창군,차량단독,기타,기타,안전거리 미확보,단일로,기타단일로,승용차,없음,915619,1710018,126.57096561,35.3822717
2022,2022-06-01 10:00,주,수,1,0,0,0,0,세종,세종시,차대차,기타,기타,안전운전 의무 불이행,단일로,기타단일로,화물차,자전거,972449,1837684,127.19221354,36.53648329
2022,2022-06-01 11:00,주,수,1,0,0,0,0,충남,예산군,차량단독,도로이탈,도로이탈 추락,안전운전 의무 불이행,단일로,기타단일로,원동기장치자전거,없음,928870,1864670,126.70289561,36.77748731
2022,2022-06-01 12:00,주,수,1,0,0,0,0,경북,안동시,차량단독,공작물충돌,공작물충돌,안전운전 의무 불이행,교차로,교차로내,승용차,없음,1107286,1840095,128.69877205,36.55258947
2022,2022-06-02 05:00,야,목,1,0,0,0,0,경남,고성군,차대차,측면충돌,측면충돌,안전운전 의무 불이행,교차로,교차로내,개인형이동장치(PM),승용차,1074503,1666391,128.31634468,34.98970741
2022,2022-06-02 10:00,주,목,1,0,0,0,0,서울,양천구,차대사람,기타,기타,안전운전 의무 불이행,단일로,기타단일로,승합차,보행자,943856,1948047,126.86456443,37.53002461
2022,2022-06-02 10:00,주,목,1,0,0,0,0,강원,영월군,차량단독,공작물충돌,공작물충돌,안전운전 의무 불이행,단일로,기타단일로,이륜차,없음,1078560,1910449,128.3851262,37.18952394
2022,2022-06-02 10:00,주,목,1,1,0,1,0,충남,부여군,차량단독,도로이탈,도로이탈 추락,안전운전 의무 불이행,단일로,기타단일로,승용차,없음,940505,1805367,126.83784174,36.24369878
2022,2022-06-02 10:00,주,목,1,0,0,0,0,경남,진주시,차대차,추돌,추돌,안전운전 의무 불이행,단일로,기타단일로,화물차,이륜차,1055134,1693043,128.10590314,35.23126392
2022,2022-06-02 11:00,주,목,1,0,0,0,0,경북,구미시,차량단독,공작물충돌,공작물충돌,중앙선 침범,교차로,교차로부근,승용차,없음,1084462,1793883,128.43876694,36.13831637
2022,2022-06-02 17:00,주,목,1,0,0,0,0,전남,장흥군,차대차,정면충돌,정면충돌,중앙선 침범,단일로,기타단일로,이륜차,승용차,944754,1630910,126.89698296,34.67100388
2022,2022-06-02 18:00,야,목,1,0,0,0,0,경북,고령군,차량단독,기타,기타,안전운전 의무 불이행,단일로,기타단일로,자전거,없음,1074702,1744901,128.32569626,35.69753872
2022,2022-06-03 02:00,야,금,1,0,0,0,0,경기,성남시,차대차,기타,기타,신호위반,교차로,교차로내,개인형이동장치(PM),승용차,966580,1932399,127.12245668,37.39008466
2022,2022-06-03 03:00,야,금,1,0,0,0,0,전남,광양시,차량단독,공작물충돌,공작물충돌,안전운전 의무 불이행,교차로,교차로내,화물차,없음,1010954,1658688,127.61992929,34.92293097
2022,2022-06-03 04:00,야,금,1,0,0,0,0,충북,충주시,차대차,측면충돌,측면충돌,신호위반,교차로,교차로내,자전거,승용차,1026095,1886437,127.7931887,36.97601698
2022,2022-06-03 04:00,야,금,1,0,0,0,0,경기,파주시,차대차,추돌,추돌,안전운전 의무 불이행,단일로,기타단일로,화물차,건설기계,932605,1971145,126.7351046,37.73744525
2022,2022-06-03 09:00,주,금,1,0,0,0,0,경기,군포시,차대사람,횡단중,횡단중,안전운전 의무 불이행,교차로,교차로내,화물차,보행자,949393,1929773,126.92848336,37.3656362
2022,2022-06-03 09:00,주,금,1,0,0,0,0,경북,군위군,차대차,정면충돌,정면충돌,중앙선 침범,단일로,기타단일로,이륜차,승용차,1109171,1790210,128.7128407,36.10274179