발생년,발생년월일시,주야,요일,사망자수,부상자수,중상자수,경상자수,부상신고자수,발생지시도,발생지시군구,사고유형_대분류,사고유형_중분류,사고유형,가해자법규위반,도로형태_대분류,도로형태,가해자_당사자종별,피해자_당사자종별,발생위치X_UTMK,발생위치Y_UTMK,경도,위도
2022,2022-06-03 10:00,주,금,1,0,0,0,0,전북,진안군,차대사람,횡단중,횡단중,기타,단일로,기타단일로,승용차,보행자,998063,1763565,127.47854378,35.86864846
2022,2022-06-03 10:00,주,금,1,0,0,0,0,경북,성주군,차대사람,차도통행중,차도통행중,안전운전 의무 불이행,단일로,기타단일로,승용차,보행자,1070467,1769392,128.28104895,35.91864674
2022,2022-06-03 18:00,야,금,1,0,0,0,0,제주,서귀포시,차대사람,기타,기타,안전운전 의무 불이행,단일로,기타단일로,특수차,보행자,896692,1475356,126.39081103,33.26461209
2022,2022-06-03 22:00,야,금,1,0,0,0,0,경기,수원시,차대사람,횡단중,횡단중,안전운전 의무 불이행,단일로,기타단일로,승용차,보행자,956912,1921799,127.01385747,37.29414156
2022,2022-06-04 07:00,주,토,1,0,0,0,0,전북,무주군,차량단독,도로이탈,도로이탈 추락,안전운전 의무 불이행,단일로,지하차도(도로)내,농기계,없음,1015084,1778972,127.66737833,36.00744368
2022,2022-06-04 11:00,주,토,1,0,0,0,0,세종,세종시,차대차,측면충돌,측면충돌,기타,교차로,교차로내,화물차,농기계,974770,1849293,127.21776153,36.64120189
2022,2022-06-04 13:00,주,토,1,0,0,0,0,전북,익산시,차대차,측면충돌,측면충돌,기타,기타,기타,승용차,자전거,949747,1770350,126.94292895,35.92853213
2022,2022-06-04 20:00,야,토,1,0,0,0,0,제주,서귀포시,차량단독,기타,기타,안전운전 의무 불이행,단일로,교량위,자전거,없음,893537,1482748,126.35607259,33.33096743
2022,2022-06-04 21:00,야,토,1,0,0,0,0,전북,군산시,차대차,측면충돌,측면충돌,신호위반,교차로,교차로내,승용차,화물차,939628,1776608,126.83028669,35.98437758
2022,2022-06-04 23:00,야,토,2,0,0,0,0,부산,강서구,차량단독,공작물충돌,공작물충돌,안전운전 의무 불이행,단일로,기타단일로,승용차,없음,1125020,1687197,128.87289668,35.17228522
2022,2022-06-05 03:00,야,일,1,2,2,0,0,경북,울진군,차대차,정면충돌,정면충돌,중앙선 침범,단일로,기타단일로,승용차,승용차,1169714,1894893,129.40824556,37.03725639
2022,2022-06-05 11:00,주,일,1,0,0,0,0,강원,양양군,차대차,측면충돌,측면충돌,안전운전 의무 불이행,단일로,기타단일로,승용차,원동기장치자전거,1099150,2011818,128.63084158,38.10107158
2022,2022-06-05 15:00,주,일,1,0,0,0,0,경북,칠곡군,차대차,측면충돌,측면충돌,안전운전 의무 불이행,단일로,기타단일로,승용차,화물차,1091922,1770103,128.51890634,35.92327386
2022,2022-06-05 16:00,주,일,2,6,0,0,6,경기,여주시,차량단독,공작물충돌,공작물충돌,안전운전 의무 불이행,단일로,기타단일로,승합차,없음,1019728,1916389,127.72244154,37.24616518
2022,2022-06-05 16:00,주,일,2,0,0,0,0,경북,경주시,차량단독,공작물충돌,공작물충돌,안전운전 의무 불이행,단일로,기타단일로,승용차,없음,1145367,1762666,129.10978669,35.84975994
2022,2022-06-06 02:00,야,월,1,0,0,0,0,전북,익산시,차대사람,횡단중,횡단중,기타,단일로,기타단일로,승용차,보행자,949833,1774277,126.9436341,35.96394081
2022,2022-06-06 02:00,야,월,1,0,0,0,0,대구,북구,차대사람,차도통행중,차도통행중,안전운전 의무 불이행,단일로,기타단일로,승용차,보행자,1095893,1771272,128.56305716,35.93343022
2022,2022-06-06 04:00,야,월,1,0,0,0,0,경남,산청군,차량단독,도로이탈,도로이탈 추락,안전운전 의무 불이행,단일로,기타단일로,승용차,없음,1034597,1713803,127.88109196,35.41937109
2022,2022-06-06 08:00,주,월,1,0,0,0,0,충북,괴산군,차대차,추돌,추돌,안전운전 의무 불이행,단일로,기타단일로,화물차,자전거,1012440,1864817,127.63941475,36.78140134
2022,2022-06-06 08:00,주,월,1,0,0,0,0,충남,태안군,차대사람,기타,기타,안전운전 의무 불이행,단일로,기타단일로,승용차,보행자,889045,1869994,126.25590692,36.82164348
2022,2022-06-06 12:00,주,월,1,0,0,0,0,충북,증평군,차대사람,횡단중,횡단중,안전운전 의무 불이행,교차로,교차로부근,승용차,보행자,1007133,1865048,127.57994158,36.78353858
2022,2022-06-06 12:00,주,월,1,0,0,0,0,경남,거창군,차대차,추돌,추돌,안전운전 의무 불이행,단일로,기타단일로,이륜차,승합차,1042125,1737760,127.96525715,35.63508584
2022,2022-06-06 15:00,주,월,1,0,0,0,0,경북,영주시,차대차,측면충돌,측면충돌,신호위반,교차로,교차로내,승용차,원동기장치자전거,1100699,1868129,128.62887117,36.80598181
2022,2022-06-06 20:00,야,월,2,0,0,0,0,충북,충주시,차대차,추돌,추돌,안전운전 의무 불이행,단일로,기타단일로,화물차,농기계,1038378,1903693,127.93207153,37.13114316
2022,2022-06-06 21:00,야,월,1,0,0,0,0,충남,논산시,차량단독,공작물충돌,공작물충돌,안전운전 의무 불이행,교차로,교차로내,승용차,없음,960175,1795156,127.05727312,36.15265417
2022,2022-06-06 21:00,야,월,1,0,0,0,0,충남,서천군,차량단독,도로이탈,도로이탈 기타,안전운전 의무 불이행,단일로,기타단일로,원동기장치자전거,없음,926370,1796065,126.68141086,36.15886976
2022,2022-06-07 00:00,야,화,1,1,1,0,0,경기,고양시,차량단독,공작물충돌,공작물충돌,기타,단일로,기타단일로,승용차,없음,940075,1956393,126.82109148,37.60500853
2022,2022-06-07 07:00,주,화,1,0,0,0,0,충북,충주시,차대차,추돌,추돌,안전운전 의무 불이행,단일로,기타단일로,이륜차,화물차,1034728,1884820,127.89010804,36.96116177
2022,2022-06-07 09:00,주,화,1,0,0,0,0,전북,임실군,차량단독,공작물충돌,공작물충돌,안전운전 의무 불이행,단일로,지하차도(도로)내,이륜차,없음,978159,1733196,127.25889407,35.59459174
2022,2022-06-07 13:00,주,화,1,0,0,0,0,경북,예천군,차대차,측면충돌,측면충돌,안전거리 미확보,단일로,기타단일로,화물차,자전거,1069258,1845765,128.27441702,36.60721503
2022,2022-06-07 17:00,주,화,1,0,0,0,0,전남,무안군,차대차,측면충돌,측면충돌,신호위반,교차로,교차로내,화물차,이륜차,905418,1646145,126.46596447,34.80548856
2022,2022-06-07 19:00,야,화,1,0,0,0,0,대전,유성구,차대차,측면충돌,측면충돌,안전운전 의무 불이행,교차로,교차로부근,이륜차,승합차,985668,1816439,127.34028205,36.34524414
2022,2022-06-07 21:00,야,화,1,0,0,0,0,충남,홍성군,차대사람,차도통행중,차도통행중,안전운전 의무 불이행,단일로,기타단일로,화물차,보행자,921384,1835478,126.62200572,36.51376178
2022,2022-06-08 01:00,야,수,1,0,0,0,0,경북,경주시,차량단독,공작물충돌,공작물충돌,안전운전 의무 불이행,단일로,기타단일로,승용차,없음,1161731,1761543,129.29069782,35.83707584
2022,2022-06-08 05:00,야,수,1,1,1,0,0,강원,속초시,차량단독,기타,기타,안전운전 의무 불이행,단일로,기타단일로,이륜차,없음,1093742,2023195,128.57066945,38.20416813
2022,2022-06-08 07:00,주,수,1,0,0,0,0,광주,북구,차대사람,횡단중,횡단중,안전운전 의무 불이행,단일로,기타단일로,승용차,보행자,945719,1686257,126.90391781,35.17012347
2022,2022-06-08 10:00,주,수,1,0,0,0,0,전북,부안군,차대사람,횡단중,횡단중,보행자 보호의무 위반,교차로,교차로횡단보도내,화물차,보행자,931028,1744920,126.73763173,35.69812779
2022,2022-06-08 13:00,주,수,1,0,0,0,0,부산,연제구,차대사람,기타,기타,안전운전 의무 불이행,단일로,기타단일로,이륜차,보행자,1145192,1687657,129.09442376,35.17371878
2022,2022-06-08 22:00,야,수,1,0,0,0,0,대전,유성구,차량단독,기타,기타,안전운전 의무 불이행,단일로,고가도로위,이륜차,없음,988948,1823366,127.37673628,36.40773677
2022,2022-06-09 11:00,주,목,1,1,1,0,0,부산,강서구,차량단독,공작물충돌,공작물충돌,안전운전 의무 불이행,교차로,교차로부근,화물차,없음,1121134,1674445,128.82836586,35.05780414
2022,2022-06-09 11:00,주,목,1,3,2,1,0,강원,동해시,차대차,측면충돌,측면충돌,중앙선 침범,단일로,기타단일로,승용차,화물차,1142539,1943924,129.11220426,37.48356933
2022,2022-06-09 14:00,주,목,1,0,0,0,0,경기,포천시,차대사람,횡단중,횡단중,기타,교차로,교차로내,화물차,보행자,974884,1993286,127.21416842,37.93913992
2022,2022-06-09 15:00,주,목,1,0,0,0,0,경남,의령군,차대차,측면충돌,측면충돌,교차로 통행방법 위반,교차로,교차로부근,승용차,이륜차,1081718,1709139,128.39963007,35.37456872
2022,2022-06-09 16:00,주,목,1,0,0,0,0,서울,도봉구,차대사람,횡단중,횡단중,안전운전 의무 불이행,교차로,교차로내,화물차,보행자,959511,1963049,127.04091084,37.66606145
2022,2022-06-09 17:00,주,목,1,0,0,0,0,서울,중랑구,차량단독,도로이탈,도로이탈 추락,안전운전 의무 불이행,단일로,기타단일로,승용차,없음,966042,1957099,127.11523832,37.6126976
2022,2022-06-09 21:00,야,목,1,0,0,0,0,경기,의왕시,차대사람,횡단중,횡단중,안전운전 의무 불이행,교차로,교차로내,승용차,보행자,954243,1927553,126.98339055,37.34587815
2022,2022-06-10 02:00,야,금,1,0,0,0,0,서울,노원구,차량단독,공작물충돌,공작물충돌,안전운전 의무 불이행,단일로,기타단일로,승용차,없음,962361,1960094,127.07337744,37.63954885
2022,2022-06-10 07:00,주,금,1,0,0,0,0,경기,여주시,차대사람,기타,기타,안전운전 의무 불이행,교차로,교차로부근,승합차,보행자,1004350,1926975,127.54911024,37.34178592
2022,2022-06-10 12:00,주,금,1,0,0,0,0,전남,무안군,차대차,추돌,추돌,안전운전 의무 불이행,기타,기타,승용차,화물차,908765,1660561,126.50098009,34.93577238
2022,2022-06-10 17:00,주,금,1,0,0,0,0,전북,군산시,차대사람,횡단중,횡단중,보행자 보호의무 위반,단일로,기타단일로,승용차,보행자,938616,1772096,126.81941033,35.94363709
2022,2022-06-10 19:00,야,금,1,0,0,0,0,충남,예산군,차량단독,기타,기타,안전운전 의무 불이행,단일로,기타단일로,원동기장치자전거,없음,933053,1854450,126.75066362,36.68566842
2022,2022-06-10 21:00,야,금,1,0,0,0,0,서울,종로구,차대차,측면충돌,측면충돌,안전운전 의무 불이행,단일로,기타단일로,승용차,자전거,955636,1952904,126.9975909,37.57444401
2022,2022-06-11 03:00,야,토,1,0,0,0,0,부산,남구,차량단독,전도,전도,안전운전 의무 불이행,단일로,기타단일로,이륜차,없음,1146038,1682861,129.10286265,35.13036657
2022,2022-06-11 05:00,야,토,1,0,0,0,0,충북,청주시,차량단독,공작물충돌,공작물충돌,안전운전 의무 불이행,단일로,기타단일로,이륜차,없음,995787,1835620,127.45294537,36.51826391
2022,2022-06-11 06:00,주,토,1,0,0,0,0,강원,인제군,차대차,추돌,추돌,안전운전 의무 불이행,교차로,교차로내,화물차,개인형이동장치(PM),1058735,2007474,128.1695758,38.06545485
2022,2022-06-11 12:00,주,토,1,0,0,0,0,경기,의정부시,차량단독,공작물충돌,공작물충돌,안전운전 의무 불이행,단일로,기타단일로,이륜차,없음,965086,1968671,127.10385265,37.71696252
2022,2022-06-11 18:00,야,토,1,0,0,0,0,경북,안동시,차량단독,전도,전도,안전운전 의무 불이행,단일로,기타단일로,이륜차,없음,1115225,1857746,128.79010927,36.71074797
2022,2022-06-11 20:00,야,토,2,3,1,2,0,충북,청주시,차대차,측면충돌,측면충돌,신호위반,교차로,교차로부근,승용차,승용차,993427,1847368,127.42648645,36.62415969
2022,2022-06-11 21:00,야,토,2,1,0,1,0,충남,당진시,차대차,측면충돌,측면충돌,안전운전 의무 불이행,교차로,교차로내,승용차,승용차,936495,1882884,126.7868133,36.94220912
2022,2022-06-11 23:00,야,토,1,0,0,0,0,경기,성남시,차대차,측면충돌,측면충돌,안전운전 의무 불이행,기타,기타,승합차,이륜차,967173,1936187,127.1289873,37.42424945
2022,2022-06-12 02:00,야,일,1,0,0,0,0,경기,수원시,차대사람,횡단중,횡단중,신호위반,교차로,교차로횡단보도내,승용차,보행자,958244,1918273,127.0290834,37.26242002
2022,2022-06-12 08:00,주,일,1,0,0,0,0,전북,군산시,차대차,측면충돌,측면충돌,교차로 통행방법 위반,교차로,교차로내,화물차,자전거,929045,1767402,126.71372009,35.90067113
2022,2022-06-12 08:00,주,일,1,0,0,0,0,경남,창녕군,차대차,기타,기타,안전운전 의무 불이행,교차로,교차로내,화물차,이륜차,1080424,1734313,128.38787915,35.60163341
2022,2022-06-12 15:00,주,일,1,2,0,2,0,경북,경주시,차대차,기타,기타,안전운전 의무 불이행,단일로,교량위,이륜차,승용차,1155434,1767420,129.22215152,35.89105828
2022,2022-06-12 21:00,야,일,1,0,0,0,0,서울,마포구,차대차,측면충돌,측면충돌,신호위반,단일로,기타단일로,승용차,자전거,949272,1951135,126.92564604,37.5581711
2022,2022-06-13 01:00,야,월,1,0,0,0,0,강원,원주시,차량단독,공작물충돌,공작물충돌,안전운전 의무 불이행,단일로,기타단일로,승용차,없음,1034946,1930690,127.89470132,37.37462407
2022,2022-06-13 05:00,야,월,1,0,0,0,0,경기,수원시,차량단독,공작물충돌,공작물충돌,안전운전 의무 불이행,단일로,지하차도(도로)내,이륜차,없음,959926,1919490,127.04798657,37.27346367
2022,2022-06-13 07:00,주,월,1,0,0,0,0,충남,서천군,차대차,측면충돌,측면충돌,안전거리 미확보,단일로,기타단일로,자전거,화물차,926111,1779458,126.68008775,36.00913977
2022,2022-06-13 10:00,주,월,1,0,0,0,0,강원,평창군,차대차,측면충돌,측면충돌,안전운전 의무 불이행,단일로,지하차도(도로)내,화물차,원동기장치자전거,1092325,1957984,128.54613256,37.61666442
2022,2022-06-13 10:00,주,월,1,1,1,0,0,충남,금산군,차량단독,공작물충돌,공작물충돌,중앙선 침범,단일로,기타단일로,승용차,없음,996673,1781906,127.46306982,36.03400747
2022,2022-06-13 10:00,주,월,1,0,0,0,0,경북,상주시,차대차,측면충돌,측면충돌,기타,교차로,교차로내,이륜차,화물차,1063567,1819298,128.20861053,36.36902443
2022,2022-06-13 11:00,주,월,1,0,0,0,0,경북,봉화군,차량단독,전도,전도,안전운전 의무 불이행,단일로,기타단일로,원동기장치자전거,없음,1130491,1866758,128.96252748,36.78998813
2022,2022-06-13 17:00,주,월,1,0,0,0,0,경남,창원시(통합),차대차,측면충돌,측면충돌,안전운전 의무 불이행,교차로,교차로내,화물차,이륜차,1103556,1694002,128.63809291,35.23607675
2022,2022-06-13 17:00,주,월,1,0,0,0,0,제주,제주시,차량단독,기타,기타,안전운전 의무 불이행,단일로,기타단일로,이륜차,없음,939839,1503640,126.85214341,33.5229816
2022,2022-06-14 03:00,야,화,1,1,0,1,0,경기,화성시,차대차,추돌,추돌,안전운전 의무 불이행,단일로,기타단일로,화물차,화물차,945346,1908987,126.88430956,37.17805209
2022,2022-06-14 06:00,주,화,1,0,0,0,0,충북,청주시,차대차,정면충돌,정면충돌,신호위반,교차로,교차로내,이륜차,승용차,998582,1848710,127.48413836,36.63627943
2022,2022-06-14 06:00,주,화,1,1,0,1,0,경북,구미시,차량단독,공작물충돌,공작물충돌,안전운전 의무 불이행,단일로,기타단일로,승용차,없음,1067767,1806868,128.25434599,36.256685
2022,2022-06-14 08:00,주,화,1,0,0,0,0,충남,청양군,차대차,추돌,추돌,안전운전 의무 불이행,단일로,기타단일로,승합차,사륜오토바이(ATV),949102,1816270,126.93280768,36.34248128
2022,2022-06-14 10:00,주,화,1,0,0,0,0,충북,청주시,차대사람,횡단중,횡단중,안전운전 의무 불이행,단일로,지하차도(도로)내,승용차,보행자,999654,1844255,127.49613168,36.59611854
2022,2022-06-14 11:00,주,화,1,2,1,1,0,경기,이천시,차대차,추돌,추돌,안전운전 의무 불이행,단일로,기타단일로,화물차,화물차,992757,1924873,127.41824919,37.3228206
2022,2022-06-14 12:00,주,화,1,0,0,0,0,충남,서산시,차량단독,도로이탈,도로이탈 추락,안전운전 의무 불이행,기타,기타,승용차,없음,898372,1866302,126.36096015,36.78941584
2022,2022-06-14 19:00,야,화,1,0,0,0,0,서울,성북구,차대사람,횡단중,횡단중,보행자 보호의무 위반,단일로,기타단일로,승용차,보행자,959393,1956131,127.03995751,37.60370314
2022,2022-06-14 21:00,야,화,1,0,0,0,0,강원,원주시,차대사람,기타,기타,안전운전 의무 불이행,단일로,기타단일로,승용차,보행자,1038460,1927231,127.93420991,37.34330683
2022,2022-06-14 21:00,야,화,1,0,0,0,0,울산,중구,차대차,측면충돌,측면충돌,안전운전 의무 불이행,교차로,교차로내,승용차,이륜차,1167245,1731237,129.34541533,35.56304252
2022,2022-06-15 03:00,야,수,1,1,0,1,0,충북,충주시,차대차,추돌,추돌,안전운전 의무 불이행,단일로,기타단일로,화물차,화물차,1029839,1891844,127.83546762,37.02464583
2022,2022-06-15 04:00,야,수,1,0,0,0,0,경기,양주시,차대사람,차도통행중,차도통행중,기타,교차로,교차로부근,화물차,보행자,965018,1979811,127.1025441,37.81736519
2022,2022-06-15 11:00,주,수,1,1,0,1,0,부산,사상구,차대사람,횡단중,횡단중,안전운전 의무 불이행,교차로,교차로부근,승용차,보행자,1138081,1684710,129.01586634,35.14815704
2022,2022-06-15 11:00,주,수,1,0,0,0,0,전북,남원시,차대사람,차도통행중,차도통행중,안전운전 의무 불이행,단일로,기타단일로,승합차,보행자,995255,1718358,127.44770594,35.46103249
2022,2022-06-15 12:00,주,수,1,0,0,0,0,경북,구미시,차대차,기타,기타,안전운전 의무 불이행,교차로,교차로내,화물차,이륜차,1071821,1805034,128.29930071,36.23985898
2022,2022-06-15 13:00,주,수,1,0,0,0,0,서울,관악구,차대차,기타,기타,안전운전 의무 불이행,단일로,기타단일로,화물차,이륜차,951339,1943182,126.94957494,37.48660053
2022,2022-06-15 16:00,주,수,1,0,0,0,0,경기,광주시,차대차,기타,기타,안전운전 의무 불이행,단일로,기타단일로,이륜차,승용차,978782,1934036,127.26025337,37.40519991
2022,2022-06-15 22:00,야,수,1,0,0,0,0,충북,진천군,차대차,정면충돌,정면충돌,중앙선 침범,단일로,지하차도(도로)내,이륜차,화물차,992491,1871421,127.41578158,36.84098639
2022,2022-06-15 22:00,야,수,2,3,1,1,1,경남,거창군,차대차,기타,기타,기타,단일로,기타단일로,승용차,화물차,1033099,1732694,127.86536217,35.58975283
2022,2022-06-16 08:00,주,목,1,2,0,2,0,경기,화성시,차대차,추돌,추돌,안전운전 의무 불이행,단일로,기타단일로,화물차,승용차,963473,1912480,127.08833766,37.21042274
2022,2022-06-16 09:00,주,목,1,1,0,1,0,경기,용인시,차대차,정면충돌,정면충돌,중앙선 침범,단일로,기타단일로,이륜차,이륜차,972896,1901067,127.1949477,37.10786675
2022,2022-06-16 09:00,주,목,1,0,0,0,0,인천,서구,차대사람,차도통행중,차도통행중,안전운전 의무 불이행,단일로,기타단일로,화물차,보행자,927284,1946622,126.67715996,37.51602346
2022,2022-06-16 11:00,주,목,1,0,0,0,0,충북,단양군,차대차,추돌,추돌,안전운전 의무 불이행,단일로,기타단일로,승용차,화물차,1065950,1894026,128.24161751,37.04247154
2022,2022-06-16 11:00,주,목,1,1,1,0,0,대구,달서구,차대사람,기타,기타,안전운전 의무 불이행,교차로,교차로내,화물차,보행자,1093634,1761959,128.53692256,35.84969615
2022,2022-06-16 13:00,주,목,1,0,0,0,0,전북,진안군,차량단독,공작물충돌,공작물충돌,안전운전 의무 불이행,단일로,기타단일로,이륜차,없음,1000961,1750570,127.51062941,35.751484
2022,2022-06-16 17:00,주,목,1,0,0,0,0,전북,남원시,차대차,추돌,추돌,안전운전 의무 불이행,단일로,기타단일로,화물차,자전거,990797,1725131,127.39849815,35.52207127
2022,2022-06-16 17:00,주,목,1,0,0,0,0,전남,해남군,차량단독,기타,기타,안전운전 의무 불이행,기타,기타,농기계,없음,923832,1632088,126.66852889,34.68028246
2022,2022-06-16 22:00,야,목,1,0,0,0,0,전북,고창군,차량단독,공작물충돌,공작물충돌,안전운전 의무 불이행,단일로,기타단일로,화물차,없음,928198,1725981,126.70803839,35.52717802
2022,2022-06-16 23:00,야,목,1,0,0,0,0,경기,남양주시,차대차,측면충돌,측면충돌,기타,교차로,교차로부근,이륜차,승용차,972987,1967152,127.1935554,37.70353858
2022,2022-06-17 08:00,주,금,1,0,0,0,0,충북,충주시,차대차,측면충돌,측면충돌,신호위반,교차로,교차로내,승용차,이륜차,1037158,1887742,127.91754805,36.98740853
2022,2022-06-17 12:00,주,금,1,0,0,0,0,경북,칠곡군,차량단독,공작물충돌,공작물충돌,안전운전 의무 불이행,단일로,지하차도(도로)내,이륜차,없음,1079700,1780803,128.38452307,36.02080664
2022,2022-06-17 16:00,주,금,1,1,1,0,0,부산,강서구,차대차,추돌,추돌,안전운전 의무 불이행,단일로,교량위,화물차,건설기계,1127153,1681607,128.89545329,35.12162624
2022,2022-06-17 23:00,야,금,1,1,0,1,0,인천,미추홀구,차대사람,횡단중,횡단중,안전운전 의무 불이행,교차로,교차로부근,이륜차,보행자,925551,1939411,126.65828104,37.45089452
2022,2022-06-18 00:00,야,토,1,0,0,0,0,경기,고양시,차대사람,횡단중,횡단중,안전운전 의무 불이행,교차로,교차로부근,승용차,보행자,942400,1957744,126.84732411,37.61733355
2022,2022-06-18 02:00,야,토,1,1,0,1,0,인천,계양구,차대사람,횡단중,횡단중,안전운전 의무 불이행,단일로,기타단일로,승용차,보행자,932462,1948575,126.73556864,37.53401915
2022,2022-06-18 03:00,야,토,1,0,0,0,0,부산,금정구,차대사람,길가장자리구역통행중,길가장자리구역통행중,안전운전 의무 불이행,교차로,교차로내,화물차,보행자,1144380,1698618,129.08743314,35.27263434
2022,2022-06-18 04:00,야,토,1,1,0,1,0,부산,사하구,차대차,추돌,추돌,신호위반,교차로,교차로내,승합차,화물차,1136566,1677994,128.9981307,35.08782477
2022,2022-06-18 07:00,주,토,1,0,0,0,0,전북,익산시,차대사람,횡단중,횡단중,기타,단일로,기타단일로,승용차,보행자,953042,1773667,126.97925754,35.95860099
2022,2022-06-18 08:00,주,토,1,0,0,0,0,부산,북구,차대차,기타,기타,교차로 통행방법 위반,교차로,교차로부근,승합차,이륜차,1136675,1690929,129.0014665,35.20440767
2022,2022-06-18 14:00,주,토,1,0,0,0,0,강원,양양군,차량단독,공작물충돌,공작물충돌,안전운전 의무 불이행,단일로,기타단일로,이륜차,없음,1101105,2006358,128.65236256,38.05165508
2022,2022-06-18 16:00,주,토,1,0,0,0,0,경남,거창군,차량단독,공작물충돌,공작물충돌,안전운전 의무 불이행,단일로,기타단일로,화물차,없음,1034068,1759394,127.87719073,35.83045206
2022,2022-06-18 20:00,야,토,1,0,0,0,0,충남,금산군,차대차,기타,기타,안전운전 의무 불이행,단일로,기타단일로,승용차,이륜차,998919,1801540,127.48797377,36.21102797
2022,2022-06-18 22:00,야,토,1,0,0,0,0,부산,강서구,차대사람,기타,기타,기타,단일로,기타단일로,승용차,보행자,1135674,1691123,128.99050513,35.20629225
2022,2022-06-18 23:00,야,토,1,0,0,0,0,제주,제주시,차량단독,기타,기타,안전운전 의무 불이행,단일로,기타단일로,승용차,없음,918141,1504655,126.6184119,33.53069299
2022,2022-06-19 03:00,야,일,1,0,0,0,0,경기,고양시,차량단독,기타,기타,안전운전 의무 불이행,단일로,기타단일로,이륜차,없음,944455,1958518,126.87054955,37.62443605
2022,2022-06-19 07:00,주,일,1,0,0,0,0,강원,홍천군,차량단독,공작물충돌,공작물충돌,안전운전 의무 불이행,단일로,기타단일로,자전거,없음,1022597,1964522,127.75626692,37.6799532
2022,2022-06-19 20:00,야,일,1,0,0,0,0,인천,미추홀구,차대차,추돌,추돌,기타,단일로,기타단일로,승용차,이륜차,926595,1939516,126.67007288,37.45192434
2022,2022-06-20 07:00,주,월,1,2,0,2,0,전북,전주시,차대차,측면충돌,측면충돌,중앙선 침범,단일로,기타단일로,승용차,화물차,962952,1764252,127.08959068,35.8741434
2022,2022-06-20 11:00,주,월,1,0,0,0,0,전북,부안군,차대차,측면충돌,측면충돌,안전운전 의무 불이행,교차로,교차로내,이륜차,승용차,925392,1732768,126.67646589,35.58816023
2022,2022-06-20 13:00,주,월,1,2,1,0,1,경기,하남시,차대차,정면충돌,정면충돌,안전운전 의무 불이행,단일로,기타단일로,자전거,자전거,975898,1949964,127.22714529,37.54869796
2022,2022-06-20 15:00,주,월,1,2,1,1,0,충남,공주시,차대차,정면충돌,정면충돌,안전운전 의무 불이행,기타,기타,화물차,화물차,964669,1834183,127.10546107,36.504666
2022,2022-06-20 16:00,주,월,1,0,0,0,0,전북,군산시,차대사람,길가장자리구역통행중,길가장자리구역통행중,안전운전 의무 불이행,단일로,지하차도(도로)내,승용차,보행자,929644,1776670,126.71953615,35.98426721
2022,2022-06-20 22:00,야,월,1,3,2,1,0,전북,군산시,차대차,추돌,추돌,안전운전 의무 불이행,단일로,기타단일로,화물차,화물차,940089,1774044,126.83559404,35.96129059
2022,2022-06-21 06:00,주,화,1,0,0,0,0,경기,군포시,차대차,측면충돌,측면충돌,신호위반,교차로,교차로내,승합차,이륜차,949232,1926146,126.92691378,37.33293563
2022,2022-06-21 09:00,주,화,1,0,0,0,0,충남,보령시,차대차,측면충돌,측면충돌,안전운전 의무 불이행,단일로,기타단일로,자전거,승용차,919236,1817193,126.59992424,36.34875862
2022,2022-06-21 10:00,주,화,1,0,0,0,0,경기,의정부시,차대사람,차도통행중,차도통행중,안전운전 의무 불이행,교차로,교차로부근,승용차,보행자,960574,1971715,127.05249407,37.74421508
2022,2022-06-21 13:00,주,화,1,0,0,0,0,서울,강서구,차대사람,기타,기타,안전운전 의무 불이행,단일로,기타단일로,승합차,보행자,940633,1951367,126.82782025,37.55974579
2022,2022-06-21 14:00,주,화,1,0,0,0,0,강원,양구군,차량단독,공작물충돌,공작물충돌,안전운전 의무 불이행,기타,기타,화물차,없음,1048905,2023616,128.05862772,38.21151566
2022,2022-06-21 15:00,주,화,2,0,0,0,0,강원,춘천시,차대차,추돌,추돌,안전운전 의무 불이행,단일로,기타단일로,화물차,화물차,1024997,1981563,127.78407112,37.83348423
2022,2022-06-21 16:00,주,화,1,0,0,0,0,경남,양산시,차대차,측면충돌,측면충돌,신호위반,교차로,교차로내,이륜차,화물차,1149997,1709987,129.1512514,35.37427953
2022,2022-06-21 19:00,야,화,1,0,0,0,0,경기,시흥시,차대사람,횡단중,횡단중,신호위반,교차로,교차로내,승합차,보행자,937440,1938175,126.79279245,37.44063525
2022,2022-06-21 19:00,야,화,1,0,0,0,0,전남,영광군,차량단독,기타,기타,안전운전 의무 불이행,교차로,교차로내,이륜차,없음,908755,1698966,126.49663525,35.28202706
2022,2022-06-21 22:00,야,화,1,0,0,0,0,서울,용산구,차량단독,전도,전도,안전운전 의무 불이행,단일로,기타단일로,이륜차,없음,955232,1949383,126.99323087,37.54268889
2022,2022-06-22 00:00,야,수,1,1,0,1,0,경북,경산시,차대차,추돌,추돌,안전운전 의무 불이행,단일로,기타단일로,화물차,화물차,1118844,1765347,128.81654933,35.87750166
2022,2022-06-22 06:00,주,수,1,4,1,3,0,전북,전주시,차대차,측면충돌,측면충돌,안전운전 의무 불이행,교차로,교차로내,승용차,승용차,966160,1756315,127.12546398,35.80269961
2022,2022-06-22 12:00,주,수,1,0,0,0,0,서울,은평구,차대차,기타,기타,안전운전 의무 불이행,교차로,교차로내,이륜차,화물차,950152,1956842,126.93522068,37.60965691