발생년,발생년월일시,주야,요일,사망자수,부상자수,중상자수,경상자수,부상신고자수,발생지시도,발생지시군구,사고유형_대분류,사고유형_중분류,사고유형,가해자법규위반,도로형태_대분류,도로형태,가해자_당사자종별,피해자_당사자종별,발생위치X_UTMK,발생위치Y_UTMK,경도,위도
2022,2022-10-08 06:00,주,토,1,0,0,0,0,경기,양평군,차대차,추돌,추돌,안전운전 의무 불이행,단일로,기타단일로,화물차,농기계,998936,1939230,127.4879701,37.45225991
2022,2022-10-08 06:00,주,토,1,0,0,0,0,전북,익산시,차대사람,횡단중,횡단중,보행자 보호의무 위반,단일로,기타단일로,화물차,보행자,956546,1794320,127.01697768,36.14496136
2022,2022-10-08 07:00,주,토,1,0,0,0,0,경남,함양군,차대사람,차도통행중,차도통행중,안전운전 의무 불이행,교차로,교차로부근,승합차,보행자,1027920,1737468,127.80835991,35.63295685
2022,2022-10-08 11:00,주,토,1,0,0,0,0,경남,김해시,차대사람,횡단중,횡단중,보행자 보호의무 위반,교차로,교차로횡단보도내,화물차,보행자,1125820,1693380,128.88262396,35.22792207
2022,2022-10-08 12:00,주,토,1,0,0,0,0,경북,상주시,차량단독,공작물충돌,공작물충돌,안전운전 의무 불이행,단일로,기타단일로,승용차,없음,1060833,1820715,128.17824624,36.38197519
2022,2022-10-08 13:00,주,토,1,0,0,0,0,전남,목포시,차대차,추돌,추돌,안전운전 의무 불이행,교차로,교차로부근,승용차,자전거,897425,1645163,126.37871365,34.79586102
2022,2022-10-08 17:00,주,토,1,0,0,0,0,충남,논산시,차대사람,횡단중,횡단중,안전운전 의무 불이행,교차로,교차로부근,화물차,보행자,963802,1791850,127.09774501,36.12299116
2022,2022-10-08 18:00,야,토,1,0,0,0,0,경남,통영시,차량단독,도로이탈,도로이탈 추락,안전운전 의무 불이행,기타,기타,이륜차,없음,1088732,1643872,128.46984766,34.78552077
2022,2022-10-08 19:00,야,토,1,0,0,0,0,전북,전주시,차대차,측면충돌,측면충돌,기타,교차로,교차로내,승용차,승용차,970531,1759379,127.17372778,35.83046583
2022,2022-10-08 22:00,야,토,1,0,0,0,0,광주,북구,차대사람,횡단중,횡단중,안전운전 의무 불이행,단일로,기타단일로,승용차,보행자,945367,1689179,126.89985888,35.19645111
2022,2022-10-09 06:00,주,일,1,0,0,0,0,대전,동구,차대사람,횡단중,횡단중,안전운전 의무 불이행,단일로,기타단일로,화물차,보행자,993853,1815178,127.43150677,36.33396279
2022,2022-10-09 08:00,주,일,1,0,0,0,0,전남,무안군,차대차,기타,기타,중앙선 침범,단일로,기타단일로,이륜차,화물차,902708,1654906,126.43532448,34.88422338
2022,2022-10-09 17:00,주,일,1,1,1,0,0,전북,부안군,차대차,정면충돌,정면충돌,중앙선 침범,단일로,기타단일로,승용차,승용차,924744,1736257,126.66898866,35.61956654
2022,2022-10-09 18:00,야,일,1,0,0,0,0,전남,목포시,차대사람,차도통행중,차도통행중,안전운전 의무 불이행,단일로,기타단일로,승용차,보행자,898046,1643864,126.38565846,34.78421153
2022,2022-10-10 07:00,주,월,1,0,0,0,0,전남,목포시,차대차,추돌,추돌,안전운전 의무 불이행,교차로,교차로부근,이륜차,승용차,900190,1645484,126.40889586,34.79902988
2022,2022-10-10 08:00,주,월,1,0,0,0,0,세종,세종시,차량단독,공작물충돌,공작물충돌,안전운전 의무 불이행,단일로,기타단일로,승용차,없음,972441,1851902,127.19161444,36.664657
2022,2022-10-10 11:00,주,월,1,0,0,0,0,서울,강북구,차대사람,횡단중,횡단중,안전운전 의무 불이행,교차로,교차로내,승용차,보행자,958133,1958622,127.02554059,37.62609847
2022,2022-10-10 16:00,주,월,1,0,0,0,0,부산,금정구,차대차,추돌,추돌,안전운전 의무 불이행,단일로,기타단일로,원동기장치자전거,승용차,1145530,1696340,129.09966914,35.25193499
2022,2022-10-10 16:00,주,월,1,0,0,0,0,경기,안산시,차량단독,기타,기타,안전운전 의무 불이행,기타,기타,이륜차,없음,935662,1926538,126.77370711,37.33562771
2022,2022-10-10 16:00,주,월,1,0,0,0,0,충북,청주시,차대사람,보도통행중,보도통행중,보행자 보호의무 위반,교차로,교차로횡단보도내,화물차,보행자,988625,1851673,127.37271631,36.66292381
2022,2022-10-10 16:00,주,월,1,2,0,2,0,경북,칠곡군,차대차,추돌,추돌,안전거리 미확보,단일로,기타단일로,화물차,화물차,1094396,1779383,128.54742959,36.00669247
2022,2022-10-10 21:00,야,월,1,0,0,0,0,경남,창녕군,차량단독,공작물충돌,공작물충돌,안전운전 의무 불이행,단일로,기타단일로,승합차,없음,1090992,1725433,128.50353598,35.52066227
2022,2022-10-11 06:00,주,화,1,0,0,0,0,울산,중구,차대사람,횡단중,횡단중,안전운전 의무 불이행,교차로,교차로내,화물차,보행자,1163443,1731023,129.30343886,35.5617487
2022,2022-10-11 07:00,주,화,1,2,0,2,0,인천,서구,차대차,추돌,추돌,안전운전 의무 불이행,단일로,기타단일로,화물차,화물차,923101,1947112,126.62977952,37.52010041
2022,2022-10-11 11:00,주,화,1,0,0,0,0,세종,세종시,차대차,측면충돌,측면충돌,중앙선 침범,단일로,기타단일로,사륜오토바이(ATV),승용차,974762,1852449,127.21756815,36.66965252
2022,2022-10-11 12:00,주,화,1,0,0,0,0,경기,화성시,차대차,측면충돌,측면충돌,신호위반,교차로,교차로내,이륜차,승합차,961608,1911574,127.06736611,37.20218128
2022,2022-10-11 13:00,주,화,1,0,0,0,0,경남,남해군,차대사람,횡단중,횡단중,신호위반,교차로,교차로부근,건설기계,보행자,1036462,1649807,127.89881132,34.84225093
2022,2022-10-11 13:00,주,화,1,4,0,4,0,인천,중구,차대차,측면충돌,측면충돌,신호위반,교차로,교차로내,이륜차,승용차,921052,1940042,126.60735333,37.4562083
2022,2022-10-11 15:00,주,화,1,0,0,0,0,부산,금정구,차대사람,차도통행중,차도통행중,안전운전 의무 불이행,단일로,기타단일로,승합차,보행자,1144601,1695900,129.08938364,35.24810355
2022,2022-10-11 17:00,주,화,2,0,0,0,0,경남,김해시,차대차,측면충돌,측면충돌,안전운전 의무 불이행,교차로,교차로내,승용차,이륜차,1128719,1694321,128.91461952,35.23603655
2022,2022-10-11 18:00,야,화,1,0,0,0,0,경북,봉화군,차대차,추돌,추돌,안전운전 의무 불이행,단일로,기타단일로,승용차,농기계,1106635,1876606,128.69659303,36.88173224
2022,2022-10-11 19:00,야,화,1,0,0,0,0,경북,영덕군,차대차,추돌,추돌,안전운전 의무 불이행,단일로,교량위,승용차,승용차,1157534,1822618,129.2564648,36.38813991
2022,2022-10-12 01:00,야,수,1,0,0,0,0,제주,서귀포시,차량단독,기타,기타,안전운전 의무 불이행,단일로,교량위,승용차,없음,915627,1474592,126.59415736,33.25936902
2022,2022-10-12 06:00,주,수,1,0,0,0,0,인천,서구,차대사람,기타,기타,안전운전 의무 불이행,단일로,기타단일로,승용차,보행자,925987,1954150,126.66172523,37.58376734
2022,2022-10-12 08:00,주,수,1,2,0,2,0,충남,당진시,차대차,정면충돌,정면충돌,중앙선 침범,단일로,기타단일로,승용차,승용차,933122,1875322,126.74960395,36.87381331
2022,2022-10-12 10:00,주,수,1,0,0,0,0,충남,천안시,차량단독,기타,기타,안전운전 의무 불이행,단일로,기타단일로,이륜차,없음,960990,1853478,127.06340023,36.67846341
2022,2022-10-12 11:00,주,수,1,0,0,0,0,경기,남양주시,차대차,추돌,추돌,안전운전 의무 불이행,교차로,교차로부근,이륜차,승용차,976114,1960582,127.22924401,37.64440806
2022,2022-10-12 14:00,주,수,1,0,0,0,0,서울,서초구,차대사람,횡단중,횡단중,안전운전 의무 불이행,교차로,교차로부근,화물차,보행자,954892,1943961,126.98971514,37.49380231
2022,2022-10-13 14:00,주,목,1,1,0,1,0,경기,양주시,차대차,추돌,추돌,안전운전 의무 불이행,단일로,기타단일로,화물차,화물차,952146,1990287,126.95560708,37.91119802
2022,2022-10-13 17:00,주,목,1,0,0,0,0,전북,임실군,차량단독,기타,기타,안전운전 의무 불이행,기타,기타,농기계,없음,975152,1721870,127.2260472,35.49239958
2022,2022-10-13 17:00,주,목,1,0,0,0,0,경남,창원시(통합),차대차,정면충돌,정면충돌,중앙선 침범,교차로,교차로부근,개인형이동장치(PM),승합차,1108259,1694375,128.68981885,35.23894241
2022,2022-10-13 18:00,야,목,1,1,1,0,0,충남,서천군,차대사람,차도통행중,차도통행중,중앙선 침범,단일로,기타단일로,승용차,보행자,927260,1786405,126.69219708,36.07185334
2022,2022-10-13 18:00,야,목,1,0,0,0,0,경남,양산시,차대차,기타,기타,기타,단일로,기타단일로,승용차,자전거,1138220,1700919,129.02011439,35.29424481
2022,2022-10-13 19:00,야,목,1,0,0,0,0,경북,영천시,차대사람,횡단중,횡단중,기타,교차로,교차로내,이륜차,보행자,1131154,1777560,128.95489734,35.98600728
2022,2022-10-13 20:00,야,목,1,0,0,0,0,제주,제주시,차대사람,횡단중,횡단중,보행자 보호의무 위반,교차로,교차로횡단보도내,승용차,보행자,910140,1501378,126.53258364,33.50049659
2022,2022-10-13 20:00,야,목,1,0,0,0,0,대구,달서구,차대사람,횡단중,횡단중,안전운전 의무 불이행,교차로,교차로횡단보도내,승용차,보행자,1095544,1760660,128.55791557,35.83780176
2022,2022-10-14 00:00,야,금,1,1,1,0,0,전북,전주시,차량단독,기타,기타,안전운전 의무 불이행,단일로,기타단일로,이륜차,없음,964696,1757625,127.10920311,35.81445903
2022,2022-10-14 04:00,야,금,1,3,1,2,0,경북,김천시,차대차,추돌,추돌,안전운전 의무 불이행,단일로,기타단일로,특수차,화물차,1052677,1793202,128.08546328,36.13442496
2022,2022-10-14 05:00,야,금,1,0,0,0,0,경기,용인시,차대차,측면충돌,측면충돌,신호위반,교차로,교차로내,이륜차,승용차,977820,1926527,127.24960869,37.33749292
2022,2022-10-14 07:00,주,금,1,0,0,0,0,서울,마포구,차대사람,횡단중,횡단중,보행자 보호의무 위반,교차로,교차로횡단보도내,승용차,보행자,947946,1952095,126.91056532,37.56674969
2022,2022-10-14 13:00,주,금,1,0,0,0,0,서울,영등포구,차대사람,기타,기타,안전운전 의무 불이행,단일로,기타단일로,승용차,보행자,947331,1946936,126.903972,37.52021608
2022,2022-10-14 13:00,주,금,1,0,0,0,0,경기,오산시,차량단독,전도,전도,안전운전 의무 불이행,단일로,기타단일로,이륜차,없음,959901,1909646,127.04823426,37.18473075
2022,2022-10-14 13:00,주,금,1,0,0,0,0,강원,횡성군,차대차,기타,기타,안전운전 의무 불이행,단일로,기타단일로,화물차,화물차,1040185,1945403,127.95467386,37.50702703
2022,2022-10-14 13:00,주,금,1,2,1,1,0,광주,광산구,차대차,측면충돌,측면충돌,중앙선 침범,단일로,기타단일로,승용차,승용차,936951,1683417,126.80785551,35.14400444
2022,2022-10-14 16:00,주,금,1,0,0,0,0,경남,고성군,차대차,추돌,추돌,안전거리 미확보,단일로,기타단일로,화물차,특수차,1078103,1672122,128.35632531,35.04110883
2022,2022-10-14 17:00,주,금,1,1,0,1,0,경북,상주시,차대차,측면충돌,측면충돌,안전운전 의무 불이행,교차로,교차로내,이륜차,이륜차,1059249,1824446,128.16087152,36.41570815
2022,2022-10-14 22:00,야,금,1,0,0,0,0,서울,서대문구,차대사람,보도통행중,보도통행중,안전운전 의무 불이행,단일로,기타단일로,승용차,보행자,949015,1952803,126.92262034,37.57319078
2022,2022-10-14 23:00,야,금,1,0,0,0,0,경북,구미시,차대차,측면충돌,측면충돌,안전운전 의무 불이행,단일로,기타단일로,승합차,자전거,1077707,1789933,128.36330543,36.10327308
2022,2022-10-15 00:00,야,토,1,1,1,0,0,경남,사천시,차대차,측면충돌,측면충돌,기타,교차로,교차로내,승용차,원동기장치자전거,1053632,1660665,128.08730104,34.93939825
2022,2022-10-15 01:00,야,토,2,0,0,0,0,전남,장성군,차대차,추돌,추돌,안전운전 의무 불이행,단일로,기타단일로,화물차,승용차,937826,1706839,126.8156882,35.35524166
2022,2022-10-15 11:00,주,토,1,0,0,0,0,경북,예천군,차량단독,공작물충돌,공작물충돌,안전운전 의무 불이행,단일로,기타단일로,이륜차,없음,1084211,1838631,128.44081679,36.54170645
2022,2022-10-15 15:00,주,토,1,2,2,0,0,강원,춘천시,차대차,정면충돌,정면충돌,중앙선 침범,단일로,기타단일로,화물차,승용차,1023540,1995692,127.76797492,37.9608671
2022,2022-10-15 16:00,주,토,1,0,0,0,0,부산,사하구,차대차,기타,기타,안전운전 의무 불이행,단일로,기타단일로,건설기계,승합차,1136353,1674248,128.99517866,35.05408621
2022,2022-10-15 16:00,주,토,1,0,0,0,0,강원,평창군,차량단독,공작물충돌,공작물충돌,안전운전 의무 불이행,교차로,교차로내,이륜차,없음,1098744,1964206,128.61969523,37.67206819
2022,2022-10-15 17:00,주,토,1,0,0,0,0,충북,옥천군,차량단독,공작물충돌,공작물충돌,안전운전 의무 불이행,단일로,교량위,농기계,없음,1011088,1809161,127.62346292,36.27967253
2022,2022-10-15 18:00,야,토,1,0,0,0,0,경기,안성시,차대차,기타,기타,중앙선 침범,기타,기타,이륜차,화물차,974440,1900896,127.21233086,37.10636876
2022,2022-10-15 21:00,야,토,1,0,0,0,0,대구,남구,차대사람,횡단중,횡단중,신호위반,교차로,교차로횡단보도내,승용차,보행자,1097514,1760935,128.57975865,35.84008679
2022,2022-10-15 22:00,야,토,1,1,1,0,0,경기,화성시,차대사람,기타,기타,안전운전 의무 불이행,기타,기타,이륜차,보행자,938737,1907772,126.80996184,37.16669044
2022,2022-10-15 23:00,야,토,1,2,2,0,0,경기,화성시,차대차,추돌,추돌,안전운전 의무 불이행,기타,기타,승용차,승용차,922619,1908227,126.62838619,37.1695953
2022,2022-10-15 23:00,야,토,1,0,0,0,0,충북,청주시,차대차,추돌,추돌,기타,단일로,기타단일로,승용차,개인형이동장치(PM),985555,1847060,127.33845068,36.62129623
2022,2022-10-16 01:00,야,일,1,0,0,0,0,전남,여수시,차대사람,횡단중,횡단중,안전운전 의무 불이행,교차로,교차로횡단보도내,승용차,보행자,1015215,1640603,127.66625224,34.75979197
2022,2022-10-16 03:00,야,일,2,0,0,0,0,대구,수성구,차량단독,공작물충돌,공작물충돌,안전운전 의무 불이행,단일로,기타단일로,이륜차,없음,1105401,1762085,128.66722653,35.8496369
2022,2022-10-16 04:00,야,일,1,0,0,0,0,서울,용산구,차대차,추돌,추돌,안전운전 의무 불이행,단일로,교량위,이륜차,화물차,950517,1947344,126.93999721,37.5240699
2022,2022-10-16 04:00,야,일,1,0,0,0,0,대구,북구,차대사람,횡단중,횡단중,신호위반,단일로,기타단일로,승용차,보행자,1094489,1770555,128.54740969,35.92710361
2022,2022-10-16 06:00,주,일,1,0,0,0,0,경남,김해시,차대차,추돌,추돌,안전운전 의무 불이행,단일로,기타단일로,승합차,원동기장치자전거,1123175,1692184,128.85338656,35.2174691
2022,2022-10-16 08:00,주,일,1,1,0,1,0,강원,동해시,차대차,정면충돌,정면충돌,교차로 통행방법 위반,교차로,교차로내,승용차,이륜차,1143736,1946520,129.12624534,37.50677388
2022,2022-10-16 09:00,주,일,1,0,0,0,0,경기,여주시,차량단독,주/정차차량 충돌,주/정차차량 충돌,안전운전 의무 불이행,단일로,기타단일로,원동기장치자전거,승용차,1018550,1923211,127.70932938,37.30768253
2022,2022-10-16 11:00,주,일,1,0,0,0,0,전북,정읍시,차량단독,전도,전도,안전운전 의무 불이행,기타,기타,농기계,없음,934396,1736295,126.7755592,35.62059711
2022,2022-10-16 12:00,주,일,1,1,1,0,0,강원,원주시,차대차,기타,기타,안전운전 의무 불이행,단일로,기타단일로,승용차,승용차,1023396,1916906,127.76381567,37.25074048
2022,2022-10-16 12:00,주,일,1,0,0,0,0,경남,양산시,차대차,기타,기타,안전운전 의무 불이행,단일로,기타단일로,승용차,개인형이동장치(PM),1150729,1712290,129.15973189,35.39492627
2022,2022-10-16 15:00,주,일,1,0,0,0,0,강원,홍천군,차대사람,횡단중,횡단중,보행자 보호의무 위반,교차로,교차로횡단보도내,승합차,보행자,1034784,1959284,127.89422447,37.6323607
2022,2022-10-16 15:00,주,일,1,2,0,2,0,경북,영양군,차대차,정면충돌,정면충돌,안전운전 의무 불이행,단일로,기타단일로,승용차,승용차,1143943,1852178,129.11049805,36.65665469
2022,2022-10-16 16:00,주,일,1,0,0,0,0,강원,평창군,차량단독,공작물충돌,공작물충돌,안전운전 의무 불이행,단일로,지하차도(도로)내,이륜차,없음,1077064,1956911,128.37311766,37.60840032
2022,2022-10-16 17:00,주,일,1,0,0,0,0,충북,제천시,차량단독,공작물충돌,공작물충돌,안전운전 의무 불이행,단일로,기타단일로,승용차,없음,1059741,1895101,128.17188639,37.05257718
2022,2022-10-16 23:00,야,일,1,0,0,0,0,경남,함안군,차량단독,전복,전복,안전운전 의무 불이행,단일로,기타단일로,승용차,없음,1081965,1699507,128.40138429,35.28770799
2022,2022-10-17 06:00,주,월,1,0,0,0,0,충남,보령시,차량단독,공작물충돌,공작물충돌,안전운전 의무 불이행,단일로,기타단일로,승용차,없음,918861,1809789,126.59651606,36.28198487
2022,2022-10-17 10:00,주,월,1,3,2,1,0,경기,안성시,차대차,정면충돌,정면충돌,신호위반,교차로,교차로내,승용차,승용차,971870,1889711,127.18382536,37.00547116
2022,2022-10-17 11:00,주,월,1,4,3,1,0,경남,창원시(통합),차대차,측면충돌,측면충돌,안전운전 의무 불이행,교차로,교차로내,승용차,승용차,1107901,1684883,128.68464185,35.15340861
2022,2022-10-18 03:00,야,화,1,0,0,0,0,경기,동두천시,차량단독,공작물충돌,공작물충돌,안전운전 의무 불이행,단일로,고가도로위,승용차,없음,958610,1990033,127.02915446,37.90922594
2022,2022-10-18 05:00,야,화,1,0,0,0,0,충북,청주시,차량단독,도로이탈,도로이탈 추락,안전운전 의무 불이행,단일로,기타단일로,화물차,없음,1001509,1859642,127.51690111,36.73483026
2022,2022-10-18 07:00,주,화,1,0,0,0,0,경남,김해시,차대사람,횡단중,횡단중,안전운전 의무 불이행,단일로,기타단일로,건설기계,보행자,1119765,1690079,128.8156219,35.19890607
2022,2022-10-18 10:00,주,화,1,0,0,0,0,경남,진주시,차량단독,기타,기타,안전운전 의무 불이행,교차로,교차로내,승합차,없음,1053430,1688198,128.08686323,35.18767051
2022,2022-10-18 12:00,주,화,1,0,0,0,0,전남,장흥군,차대사람,기타,기타,안전운전 의무 불이행,단일로,기타단일로,화물차,보행자,949459,1631019,126.94832991,34.67223
2022,2022-10-18 13:00,주,화,1,2,1,1,0,충북,청주시,차대차,추돌,추돌,안전운전 의무 불이행,단일로,기타단일로,화물차,화물차,988678,1850515,127.37332647,36.65248515
2022,2022-10-18 13:00,주,화,1,0,0,0,0,전북,완주군,차량단독,전도,전도,안전운전 의무 불이행,단일로,기타단일로,건설기계,없음,957941,1768334,127.03386583,35.91074346
2022,2022-10-18 16:00,주,화,1,0,0,0,0,울산,남구,차대차,측면충돌,측면충돌,교차로 통행방법 위반,교차로,교차로내,승용차,자전거,1166999,1726152,129.34165396,35.51725821
2022,2022-10-18 18:00,야,화,1,0,0,0,0,경기,김포시,차대차,추돌,추돌,안전운전 의무 불이행,단일로,기타단일로,자전거,승용차,919759,1961772,126.59035789,37.65193747
2022,2022-10-18 18:00,야,화,1,0,0,0,0,충남,논산시,차대차,추돌,추돌,안전운전 의무 불이행,단일로,기타단일로,이륜차,농기계,973119,1791713,127.20128458,36.12205893
2022,2022-10-18 18:00,야,화,1,0,0,0,0,충남,청양군,차대차,추돌,추돌,안전운전 의무 불이행,단일로,기타단일로,화물차,농기계,952400,1822378,126.96918421,36.39771366
2022,2022-10-18 20:00,야,화,1,0,0,0,0,강원,태백시,차대사람,차도통행중,차도통행중,안전운전 의무 불이행,단일로,기타단일로,승용차,보행자,1133636,1904385,129.00442252,37.12862112
2022,2022-10-19 07:00,주,수,1,0,0,0,0,충남,부여군,차대사람,횡단중,횡단중,안전운전 의무 불이행,단일로,기타단일로,화물차,보행자,956962,1807430,127.0208819,36.26317077
2022,2022-10-19 09:00,주,수,1,0,0,0,0,경기,김포시,차대사람,차도통행중,차도통행중,안전운전 의무 불이행,교차로,교차로내,건설기계,보행자,920521,1966148,126.59851823,37.69144153
2022,2022-10-19 10:00,주,수,1,0,0,0,0,경기,부천시,차대사람,횡단중,횡단중,중앙선 침범,교차로,교차로횡단보도내,승용차,보행자,936322,1942914,126.77974536,37.48327162
2022,2022-10-19 11:00,주,수,1,7,6,1,0,강원,횡성군,차대사람,차도통행중,차도통행중,안전운전 의무 불이행,기타,기타,승용차,보행자,1056063,1940623,128.13395296,37.46311615
2022,2022-10-19 11:00,주,수,1,0,0,0,0,경북,포항시,차대차,기타,기타,안전운전 의무 불이행,단일로,지하차도(도로)내,화물차,자전거,1168428,1782109,129.36917128,36.02127369
2022,2022-10-19 13:00,주,수,1,0,0,0,0,경기,파주시,차대사람,기타,기타,안전운전 의무 불이행,단일로,기타단일로,화물차,보행자,939290,1972895,126.81082404,37.75368526
2022,2022-10-20 00:00,야,목,1,0,0,0,0,대구,북구,차대사람,보도통행중,보도통행중,신호위반,교차로,교차로횡단보도내,이륜차,보행자,1100656,1767352,128.61535417,35.89761478
2022,2022-10-20 04:00,야,목,1,1,1,0,0,경기,안산시,차대차,추돌,추돌,안전운전 의무 불이행,단일로,기타단일로,승용차,화물차,937474,1928516,126.79399391,37.35357966
2022,2022-10-20 06:00,주,목,1,0,0,0,0,경기,고양시,차대차,기타,기타,안전운전 의무 불이행,단일로,기타단일로,승용차,승용차,939539,1957523,126.81492596,37.61515796
2022,2022-10-20 09:00,주,목,1,0,0,0,0,경기,고양시,차대사람,보도통행중,보도통행중,보행자 보호의무 위반,교차로,교차로내,승합차,보행자,938229,1962580,126.79965586,37.66064849
2022,2022-10-20 10:00,주,목,1,0,0,0,0,전북,남원시,차량단독,공작물충돌,공작물충돌,안전운전 의무 불이행,교차로,교차로내,원동기장치자전거,없음,1001006,1716854,127.51108514,35.44748209
2022,2022-10-20 14:00,주,목,1,0,0,0,0,전북,정읍시,차량단독,도로이탈,도로이탈 기타,안전운전 의무 불이행,단일로,기타단일로,화물차,없음,936762,1721798,126.80281699,35.49004727
2022,2022-10-20 18:00,야,목,1,0,0,0,0,경남,김해시,차대사람,횡단중,횡단중,안전운전 의무 불이행,단일로,기타단일로,승용차,보행자,1126078,1694057,128.88556213,35.23399245
2022,2022-10-21 01:00,야,금,1,0,0,0,0,경기,이천시,차대사람,기타,기타,기타,교차로,교차로부근,승용차,보행자,996000,1918984,127.45488421,37.26975693
2022,2022-10-21 04:00,야,금,1,0,0,0,0,전남,담양군,차대사람,보도통행중,보도통행중,안전운전 의무 불이행,단일로,기타단일로,승용차,보행자,950523,1692241,126.9563109,35.22432775
2022,2022-10-21 09:00,주,금,1,0,0,0,0,경기,파주시,차대사람,횡단중,횡단중,안전운전 의무 불이행,교차로,교차로내,승용차,보행자,937806,1983567,126.79306276,37.84976714
2022,2022-10-21 13:00,주,금,1,0,0,0,0,강원,춘천시,차대차,추돌,추돌,안전거리 미확보,단일로,기타단일로,사륜오토바이(ATV),승용차,1023696,1982864,127.76932908,37.84524493
2022,2022-10-21 14:00,주,금,1,0,0,0,0,경남,통영시,차량단독,기타,기타,안전운전 의무 불이행,단일로,기타단일로,농기계,없음,1073756,1657158,128.3073438,34.90651172
2022,2022-10-21 18:00,야,금,1,0,0,0,0,전남,담양군,차대차,기타,기타,안전운전 의무 불이행,단일로,기타단일로,승용차,화물차,949269,1696788,126.94225093,35.26526378
2022,2022-10-21 18:00,야,금,1,0,0,0,0,경북,구미시,차량단독,기타,기타,안전운전 의무 불이행,단일로,기타단일로,이륜차,없음,1071510,1801956,128.29555879,36.21213471
2022,2022-10-21 19:00,야,금,1,0,0,0,0,광주,북구,차대사람,횡단중,횡단중,안전운전 의무 불이행,단일로,기타단일로,원동기장치자전거,보행자,945541,1685693,126.90200044,35.16502842
2022,2022-10-21 23:00,야,금,1,1,1,0,0,전남,순천시,차대사람,횡단중,횡단중,기타,단일로,기타단일로,승합차,보행자,1002074,1660308,127.52271113,34.93759646
2022,2022-10-21 23:00,야,금,1,0,0,0,0,경남,산청군,차량단독,공작물충돌,공작물충돌,안전운전 의무 불이행,단일로,기타단일로,승용차,없음,1030701,1699059,127.83762382,35.28655581
2022,2022-10-22 03:00,야,토,1,0,0,0,0,서울,동대문구,차량단독,공작물충돌,공작물충돌,안전운전 의무 불이행,기타,기타,이륜차,없음,960873,1951781,127.05695659,37.56455959
2022,2022-10-22 03:00,야,토,1,0,0,0,0,경기,시흥시,차량단독,기타,기타,안전운전 의무 불이행,단일로,기타단일로,이륜차,없음,944252,1931202,126.87032025,37.37822145
2022,2022-10-22 04:00,야,토,1,0,0,0,0,전북,군산시,차량단독,공작물충돌,공작물충돌,안전운전 의무 불이행,단일로,기타단일로,이륜차,없음,929922,1774605,126.72280229,35.96567095
2022,2022-10-22 06:00,주,토,1,0,0,0,0,충남,천안시,차대사람,횡단중,횡단중,안전운전 의무 불이행,교차로,교차로부근,승합차,보행자,969584,1867042,127.1590421,36.80105212
2022,2022-10-22 07:00,주,토,1,0,0,0,0,경남,진주시,차대사람,횡단중,횡단중,안전운전 의무 불이행,단일로,기타단일로,건설기계,보행자,1051594,1688824,128.0667371,35.19341101
2022,2022-10-22 11:00,주,토,1,0,0,0,0,충남,청양군,차량단독,도로이탈,도로이탈 기타,안전운전 의무 불이행,단일로,기타단일로,농기계,없음,951193,1825002,126.95555975,36.42130822
2022,2022-10-22 11:00,주,토,1,0,0,0,0,제주,서귀포시,차대차,기타,기타,기타,교차로,교차로내,이륜차,승합차,883671,1470330,126.2516799,33.21796261
2022,2022-10-22 14:00,주,토,1,0,0,0,0,경기,안산시,차대차,기타,기타,안전운전 의무 불이행,단일로,기타단일로,화물차,이륜차,943364,1920270,126.86112565,37.27963351
2022,2022-10-22 14:00,주,토,1,0,0,0,0,대전,대덕구,차대차,추돌,추돌,안전운전 의무 불이행,단일로,기타단일로,이륜차,화물차,991096,1827160,127.40064947,36.4419631
2022,2022-10-22 17:00,주,토,1,0,0,0,0,대구,북구,차대사람,기타,기타,안전운전 의무 불이행,단일로,기타단일로,승용차,보행자,1099411,1766984,128.60151485,35.89442479
2022,2022-10-22 20:00,야,토,2,0,0,0,0,충북,진천군,차대차,추돌,추돌,기타,단일로,지하차도(도로)내,승용차,이륜차,994501,1881814,127.43824964,36.93468891
2022,2022-10-22 23:00,야,토,1,0,0,0,0,경기,이천시,차대사람,횡단중,횡단중,기타,단일로,기타단일로,승용차,보행자,995295,1920022,127.44692599,37.27911017
2022,2022-10-22 23:00,야,토,1,0,0,0,0,대전,유성구,차대사람,기타,기타,안전운전 의무 불이행,단일로,기타단일로,승용차,보행자,982608,1816224,127.30618592,36.3432554
2022,2022-10-23 06:00,주,일,1,0,0,0,0,강원,양양군,차대사람,길가장자리구역통행중,길가장자리구역통행중,안전운전 의무 불이행,단일로,기타단일로,화물차,보행자,1113690,1992793,128.79362203,37.92793267
2022,2022-10-23 10:00,주,일,1,1,1,0,0,경북,영덕군,차대차,정면충돌,정면충돌,중앙선 침범,단일로,기타단일로,화물차,승합차,1162070,1823186,129.30713616,36.39250378
2022,2022-10-23 11:00,주,일,1,0,0,0,0,강원,춘천시,차대차,추돌,추돌,안전운전 의무 불이행,교차로,교차로부근,승용차,원동기장치자전거,1022556,1988066,127.75653445,37.89215954
2022,2022-10-23 14:00,주,일,1,0,0,0,0,전남,무안군,차대차,측면충돌,측면충돌,신호위반,교차로,교차로내,승용차,이륜차,893489,1662069,126.33354447,34.94787752